id,customerId,productType,inquiryText,status,currentStage,complexity,designHours,millingHours,joineryHours,finishingHours,materialType,materialQty,materialCost,quotePrice,creationDate,completionDate,acceptanceDate,dueDate,deliveryStatus,lateDays,penaltyPct
101,1,Bookshelf,Can you create a handcrafted bookshelf for our apartment in South Yarra?,LOST,,8,16,24,32,8,American Walnut,2,5000,13776.923076923078,2025-01-02,,,,On Time,0,0
102,2,Office Desk,We need a set of bespoke office desks for our startup in Richmond.,LOST,,8,16,24,32,8,Tasmanian Oak,2,2400,9876.923076923078,2025-01-02,,,,On Time,0,0
103,3,Sideboard,We'd like a quote on a custom sideboard for our Hawthorn home.,LOST,,10,20,30,40,10,American Walnut,2,5000,15346.153846153848,2025-01-03,,,,On Time,0,0
104,4,Dining Table,I'm looking for a custom dining table for my new home in Fitzroy.,LOST,,10,20,30,40,10,American Walnut,2,5000,15346.153846153848,2025-01-03,,,,On Time,0,0
105,5,Office Desk,We need a set of bespoke office desks for our startup in Richmond.,DELIVERED,,8,16,24,32,8,Tasmanian Oak,2,2400,9876.923076923078,2025-01-04,2025-01-14,2025-01-04,2025-01-21,On Time,0,0
106,6,Bookshelf,Can you create a handcrafted bookshelf for our apartment in South Yarra?,LOST,,6,12,18,24,6,Victorian Ash,2,2800,8907.692307692309,2025-01-04,,,,On Time,0,0
107,7,Dining Table,I'm looking for a custom dining table for my new home in Fitzroy.,LOST,,9,18,27,36,9,American Walnut,2,5000,14561.538461538461,2025-01-05,,,,On Time,0,0
108,8,Office Desk,We need a set of bespoke office desks for our startup in Richmond.,DELIVERED,,7,14,21,28,7,American Walnut,2,5000,12992.307692307691,2025-01-06,2025-01-16,2025-01-06,2025-01-23,On Time,0,0
109,9,Office Desk,We need a set of bespoke office desks for our startup in Richmond.,DELIVERED,,8,16,24,32,8,Tasmanian Oak,2,2400,9876.923076923078,2025-01-06,2025-01-16,2025-01-06,2025-01-23,On Time,0,0
110,10,Office Desk,We need a set of bespoke office desks for our startup in Richmond.,DELIVERED,,9,18,27,36,9,Victorian Ash,2,2800,11261.538461538461,2025-01-07,2025-01-21,2025-01-07,2025-01-29,On Time,0,0
111,11,Office Desk,We need a set of bespoke office desks for our startup in Richmond.,LOST,,8,16,24,32,8,Victorian Ash,2,2800,10476.923076923078,2025-01-07,,,,On Time,0,0
112,12,Office Desk,We need a set of bespoke office desks for our startup in Richmond.,LOST,,7,14,21,28,7,American Walnut,2,5000,12992.307692307691,2025-01-08,,,,On Time,0,0
113,13,Office Desk,We need a set of bespoke office desks for our startup in Richmond.,DELIVERED,,8,16,24,32,8,Victorian Ash,2,2800,10476.923076923078,2025-01-08,2025-01-19,2025-01-08,2025-01-25,On Time,0,0
114,14,Office Desk,We need a set of bespoke office desks for our startup in Richmond.,LOST,,8,16,24,32,8,Tasmanian Oak,2,2400,9876.923076923078,2025-01-09,,,,On Time,0,0
115,15,Media Console,Requesting a quote for a minimalist media console for a St Kilda residence.,LOST,,4,8,12,16,4,American Walnut,1,2500,6888.461538461539,2025-01-10,,,,On Time,0,0
116,16,Bookshelf,Can you create a handcrafted bookshelf for our apartment in South Yarra?,LOST,,8,16,24,32,8,Tasmanian Oak,2,2400,9876.923076923078,2025-01-11,,,,On Time,0,0
117,17,Bookshelf,Can you create a handcrafted bookshelf for our apartment in South Yarra?,LOST,,8,16,24,32,8,American Walnut,2,5000,13776.923076923078,2025-01-11,,,,On Time,0,0
118,18,Bookshelf,Can you create a handcrafted bookshelf for our apartment in South Yarra?,LOST,,7,14,21,28,7,American Walnut,2,5000,12992.307692307691,2025-01-12,,,,On Time,0,0
119,19,Dining Table,I'm looking for a custom dining table for my new home in Fitzroy.,DELIVERED,,7,14,21,28,7,Victorian Ash,2,2800,9692.307692307691,2025-01-12,2025-01-22,2025-01-12,2025-01-29,On Time,0,0
120,20,Bookshelf,Can you create a handcrafted bookshelf for our apartment in South Yarra?,DELIVERED,,8,16,24,32,8,American Walnut,2,5000,13776.923076923078,2025-01-13,2025-01-24,2025-01-13,2025-01-30,On Time,0,0
121,21,Office Desk,We need a set of bespoke office desks for our startup in Richmond.,DELIVERED,,6,12,18,24,6,American Walnut,2,5000,12207.692307692309,2025-01-13,2025-01-22,2025-01-13,2025-01-29,On Time,0,0
122,22,Bookshelf,Can you create a handcrafted bookshelf for our apartment in South Yarra?,LOST,,6,12,18,24,6,Victorian Ash,2,2800,8907.692307692309,2025-01-14,,,,On Time,0,0
123,23,Bookshelf,Can you create a handcrafted bookshelf for our apartment in South Yarra?,DELIVERED,,6,12,18,24,6,American Walnut,2,5000,12207.692307692309,2025-01-15,2025-01-24,2025-01-15,2025-01-31,On Time,0,0
124,24,Office Desk,We need a set of bespoke office desks for our startup in Richmond.,LOST,,9,18,27,36,9,American Walnut,2,5000,14561.538461538461,2025-01-15,,,,On Time,0,0
125,25,Bookshelf,Can you create a handcrafted bookshelf for our apartment in South Yarra?,LOST,,7,14,21,28,7,Tasmanian Oak,2,2400,9092.307692307691,2025-01-16,,,,On Time,0,0
126,26,Sideboard,We'd like a quote on a custom sideboard for our Hawthorn home.,LOST,,10,20,30,40,10,Victorian Ash,2,2800,12046.153846153848,2025-01-16,,,,On Time,0,0
127,27,Media Console,Requesting a quote for a minimalist media console for a St Kilda residence.,LOST,,6,12,18,24,6,Victorian Ash,2,2800,8907.692307692309,2025-01-17,,,,On Time,0,0
128,28,Media Console,Requesting a quote for a minimalist media console for a St Kilda residence.,LOST,,5,10,15,20,5,American Walnut,1,2500,7673.076923076924,2025-01-18,,,,On Time,0,0
129,29,Office Desk,We need a set of bespoke office desks for our startup in Richmond.,DELIVERED,,9,18,27,36,9,Tasmanian Oak,2,2400,10661.538461538461,2025-01-18,2025-02-01,2025-01-18,2025-02-09,On Time,0,0
130,30,Office Desk,We need a set of bespoke office desks for our startup in Richmond.,DELIVERED,,7,14,21,28,7,Tasmanian Oak,2,2400,9092.307692307691,2025-01-19,2025-01-30,2025-01-19,2025-02-05,On Time,0,0
131,31,Sideboard,We'd like a quote on a custom sideboard for our Hawthorn home.,LOST,,8,16,24,32,8,American Walnut,2,5000,13776.923076923078,2025-01-20,,,,On Time,0,0
132,32,Bookshelf,Can you create a handcrafted bookshelf for our apartment in South Yarra?,LOST,,7,14,21,28,7,Tasmanian Oak,2,2400,9092.307692307691,2025-01-20,,,,On Time,0,0
133,33,Dining Table,I'm looking for a custom dining table for my new home in Fitzroy.,LOST,,9,18,27,36,9,Victorian Ash,2,2800,11261.538461538461,2025-01-21,,,,On Time,0,0
134,34,Office Desk,We need a set of bespoke office desks for our startup in Richmond.,LOST,,7,14,21,28,7,American Walnut,2,5000,12992.307692307691,2025-01-21,,,,On Time,0,0
135,35,Dining Table,I'm looking for a custom dining table for my new home in Fitzroy.,LOST,,9,18,27,36,9,Tasmanian Oak,2,2400,10661.538461538461,2025-01-22,,,,On Time,0,0
136,36,Sideboard,We'd like a quote on a custom sideboard for our Hawthorn home.,LOST,,10,20,30,40,10,Victorian Ash,2,2800,12046.153846153848,2025-01-22,,,,On Time,0,0
137,37,Sideboard,We'd like a quote on a custom sideboard for our Hawthorn home.,LOST,,9,18,27,36,9,Victorian Ash,2,2800,11261.538461538461,2025-01-23,,,,On Time,0,0
138,38,Sideboard,We'd like a quote on a custom sideboard for our Hawthorn home.,LOST,,8,16,24,32,8,Tasmanian Oak,2,2400,9876.923076923078,2025-01-24,,,,On Time,0,0
139,39,Bookshelf,Can you create a handcrafted bookshelf for our apartment in South Yarra?,DELIVERED,,5,10,15,20,5,American Walnut,1,2500,7673.076923076924,2025-01-25,2025-02-02,2025-01-25,2025-02-09,On Time,0,0
140,40,Dining Table,I'm looking for a custom dining table for my new home in Fitzroy.,DELIVERED,,10,20,30,40,10,Victorian Ash,2,2800,12046.153846153848,2025-01-26,2025-02-09,2025-01-26,2025-02-17,On Time,0,0
141,41,Sideboard,We'd like a quote on a custom sideboard for our Hawthorn home.,LOST,,11,22,33,44,11,Tasmanian Oak,3,3600,14030.76923076923,2025-01-27,,,,On Time,0,0
142,42,Sideboard,We'd like a quote on a custom sideboard for our Hawthorn home.,LOST,,11,22,33,44,11,Victorian Ash,3,4200,14930.76923076923,2025-01-28,,,,On Time,0,0
143,43,Sideboard,We'd like a quote on a custom sideboard for our Hawthorn home.,LOST,,9,18,27,36,9,American Walnut,2,5000,14561.538461538461,2025-01-29,,,,On Time,0,0
144,44,Sideboard,We'd like a quote on a custom sideboard for our Hawthorn home.,DELIVERED,,9,18,27,36,9,Victorian Ash,2,2800,11261.538461538461,2025-01-30,2025-02-15,2025-01-30,2025-02-21,On Time,0,0
145,45,Sideboard,We'd like a quote on a custom sideboard for our Hawthorn home.,LOST,,9,18,27,36,9,American Walnut,2,5000,14561.538461538461,2025-01-30,,,,On Time,0,0
146,46,Dining Table,I'm looking for a custom dining table for my new home in Fitzroy.,LOST,,10,20,30,40,10,Victorian Ash,2,2800,12046.153846153848,2025-01-31,,,,On Time,0,0
147,47,Office Desk,We need a set of bespoke office desks for our startup in Richmond.,DELIVERED,,9,18,27,36,9,American Walnut,2,5000,14561.538461538461,2025-02-01,2025-02-15,2025-02-01,2025-02-23,On Time,0,0
148,48,Office Desk,We need a set of bespoke office desks for our startup in Richmond.,LOST,,7,14,21,28,7,Tasmanian Oak,2,2400,9092.307692307691,2025-02-02,,,,On Time,0,0
149,49,Office Desk,We need a set of bespoke office desks for our startup in Richmond.,DELIVERED,,9,18,27,36,9,American Walnut,2,5000,14561.538461538461,2025-02-03,2025-02-19,2025-02-03,2025-02-25,On Time,0,0
150,50,Dining Table,I'm looking for a custom dining table for my new home in Fitzroy.,LOST,,8,16,24,32,8,American Walnut,2,5000,13776.923076923078,2025-02-04,,,,On Time,0,0
151,51,Sideboard,We'd like a quote on a custom sideboard for our Hawthorn home.,LOST,,9,18,27,36,9,American Walnut,2,5000,14561.538461538461,2025-02-05,,,,On Time,0,0
152,52,Media Console,Requesting a quote for a minimalist media console for a St Kilda residence.,LOST,,5,10,15,20,5,Tasmanian Oak,1,1200,5723.076923076924,2025-02-06,,,,On Time,0,0
153,53,Media Console,Requesting a quote for a minimalist media console for a St Kilda residence.,LOST,,6,12,18,24,6,Victorian Ash,2,2800,8907.692307692309,2025-02-06,,,,On Time,0,0
154,54,Media Console,Requesting a quote for a minimalist media console for a St Kilda residence.,DELIVERED,,6,12,18,24,6,American Walnut,2,5000,12207.692307692309,2025-02-07,2025-02-16,2025-02-07,2025-02-23,On Time,0,0
155,55,Sideboard,We'd like a quote on a custom sideboard for our Hawthorn home.,DELIVERED,,9,18,27,36,9,Tasmanian Oak,2,2400,10661.538461538461,2025-02-07,2025-02-21,2025-02-07,2025-03-01,On Time,0,0
156,56,Bookshelf,Can you create a handcrafted bookshelf for our apartment in South Yarra?,DELIVERED,,7,14,21,28,7,American Walnut,2,5000,12992.307692307691,2025-02-08,2025-02-20,2025-02-08,2025-02-25,On Time,0,0
157,57,Sideboard,We'd like a quote on a custom sideboard for our Hawthorn home.,LOST,,9,18,27,36,9,Tasmanian Oak,2,2400,10661.538461538461,2025-02-09,,,,On Time,0,0
158,58,Dining Table,I'm looking for a custom dining table for my new home in Fitzroy.,LOST,,10,20,30,40,10,American Walnut,2,5000,15346.153846153848,2025-02-09,,,,On Time,0,0
159,59,Office Desk,We need a set of bespoke office desks for our startup in Richmond.,LOST,,6,12,18,24,6,Victorian Ash,2,2800,8907.692307692309,2025-02-10,,,,On Time,0,0
160,60,Dining Table,I'm looking for a custom dining table for my new home in Fitzroy.,DELIVERED,,9,18,27,36,9,Victorian Ash,2,2800,11261.538461538461,2025-02-10,2025-02-25,2025-02-10,2025-03-04,On Time,0,0
161,61,Office Desk,We need a set of bespoke office desks for our startup in Richmond.,LOST,,8,16,24,32,8,American Walnut,2,5000,13776.923076923078,2025-02-11,,,,On Time,0,0
162,62,Office Desk,We need a set of bespoke office desks for our startup in Richmond.,LOST,,7,14,21,28,7,Tasmanian Oak,2,2400,9092.307692307691,2025-02-12,,,,On Time,0,0
163,63,Sideboard,We'd like a quote on a custom sideboard for our Hawthorn home.,LOST,,11,22,33,44,11,American Walnut,3,7500,19880.76923076923,2025-02-12,,,,On Time,0,0
164,64,Dining Table,I'm looking for a custom dining table for my new home in Fitzroy.,DELIVERED,,8,16,24,32,8,Victorian Ash,2,2800,10476.923076923078,2025-02-13,2025-02-23,2025-02-13,2025-03-02,On Time,0,0
165,65,Office Desk,We need a set of bespoke office desks for our startup in Richmond.,DELIVERED,,7,14,21,28,7,American Walnut,2,5000,12992.307692307691,2025-02-14,2025-02-27,2025-02-14,2025-03-03,On Time,0,0
166,66,Media Console,Requesting a quote for a minimalist media console for a St Kilda residence.,LOST,,6,12,18,24,6,Tasmanian Oak,2,2400,8307.692307692309,2025-02-15,,,,On Time,0,0
167,67,Office Desk,We need a set of bespoke office desks for our startup in Richmond.,DELIVERED,,9,18,27,36,9,Victorian Ash,2,2800,11261.538461538461,2025-02-15,2025-03-02,2025-02-15,2025-03-09,On Time,0,0
168,68,Office Desk,We need a set of bespoke office desks for our startup in Richmond.,LOST,,7,14,21,28,7,Victorian Ash,2,2800,9692.307692307691,2025-02-16,,,,On Time,0,0
169,69,Bookshelf,Can you create a handcrafted bookshelf for our apartment in South Yarra?,LOST,,8,16,24,32,8,Victorian Ash,2,2800,10476.923076923078,2025-02-16,,,,On Time,0,0
170,70,Sideboard,We'd like a quote on a custom sideboard for our Hawthorn home.,LOST,,10,20,30,40,10,Victorian Ash,2,2800,12046.153846153848,2025-02-17,,,,On Time,0,0
171,71,Office Desk,We need a set of bespoke office desks for our startup in Richmond.,LOST,,7,14,21,28,7,American Walnut,2,5000,12992.307692307691,2025-02-18,,,,On Time,0,0
172,72,Media Console,Requesting a quote for a minimalist media console for a St Kilda residence.,LOST,,4,8,12,16,4,American Walnut,1,2500,6888.461538461539,2025-02-19,,,,On Time,0,0
173,73,Dining Table,I'm looking for a custom dining table for my new home in Fitzroy.,LOST,,8,16,24,32,8,Victorian Ash,2,2800,10476.923076923078,2025-02-19,,,,On Time,0,0
174,74,Dining Table,I'm looking for a custom dining table for my new home in Fitzroy.,DELIVERED,,9,18,27,36,9,Victorian Ash,2,2800,11261.538461538461,2025-02-20,2025-03-06,2025-02-20,2025-03-14,On Time,0,0
175,75,Sideboard,We'd like a quote on a custom sideboard for our Hawthorn home.,LOST,,9,18,27,36,9,Victorian Ash,2,2800,11261.538461538461,2025-02-21,,,,On Time,0,0
176,76,Bookshelf,Can you create a handcrafted bookshelf for our apartment in South Yarra?,DELIVERED,,6,12,18,24,6,Victorian Ash,2,2800,8907.692307692309,2025-02-21,2025-03-02,2025-02-21,2025-03-09,On Time,0,0
177,77,Office Desk,We need a set of bespoke office desks for our startup in Richmond.,DELIVERED,,9,18,27,36,9,Victorian Ash,2,2800,11261.538461538461,2025-02-22,2025-03-08,2025-02-22,2025-03-16,On Time,0,0
178,78,Bookshelf,Can you create a handcrafted bookshelf for our apartment in South Yarra?,LOST,,6,12,18,24,6,Tasmanian Oak,2,2400,8307.692307692309,2025-02-22,,,,On Time,0,0
179,79,Office Desk,We need a set of bespoke office desks for our startup in Richmond.,LOST,,6,12,18,24,6,Tasmanian Oak,2,2400,8307.692307692309,2025-02-23,,,,On Time,0,0
180,80,Sideboard,We'd like a quote on a custom sideboard for our Hawthorn home.,DELIVERED,,10,20,30,40,10,Victorian Ash,2,2800,12046.153846153848,2025-02-23,2025-03-10,2025-02-23,2025-03-17,On Time,0,0
181,81,Dining Table,I'm looking for a custom dining table for my new home in Fitzroy.,LOST,,8,16,24,32,8,Victorian Ash,2,2800,10476.923076923078,2025-02-24,,,,On Time,0,0
182,82,Sideboard,We'd like a quote on a custom sideboard for our Hawthorn home.,LOST,,8,16,24,32,8,American Walnut,2,5000,13776.923076923078,2025-02-24,,,,On Time,0,0
183,83,Bookshelf,Can you create a handcrafted bookshelf for our apartment in South Yarra?,DELIVERED,,6,12,18,24,6,Victorian Ash,2,2800,8907.692307692309,2025-02-25,2025-03-06,2025-02-25,2025-03-13,On Time,0,0
184,84,Media Console,Requesting a quote for a minimalist media console for a St Kilda residence.,LOST,,5,10,15,20,5,Victorian Ash,1,1400,6023.076923076924,2025-02-26,,,,On Time,0,0
185,85,Sideboard,We'd like a quote on a custom sideboard for our Hawthorn home.,DELIVERED,,10,20,30,40,10,Victorian Ash,2,2800,12046.153846153848,2025-02-27,2025-03-13,2025-02-27,2025-03-21,On Time,0,0
186,86,Bookshelf,Can you create a handcrafted bookshelf for our apartment in South Yarra?,LOST,,6,12,18,24,6,Tasmanian Oak,2,2400,8307.692307692309,2025-02-28,,,,On Time,0,0
187,87,Bookshelf,Can you create a handcrafted bookshelf for our apartment in South Yarra?,DELIVERED,,6,12,18,24,6,American Walnut,2,5000,12207.692307692309,2025-03-01,2025-03-10,2025-03-01,2025-03-17,On Time,0,0
188,88,Office Desk,We need a set of bespoke office desks for our startup in Richmond.,LOST,,6,12,18,24,6,Victorian Ash,2,2800,8907.692307692309,2025-03-01,,,,On Time,0,0
189,89,Bookshelf,Can you create a handcrafted bookshelf for our apartment in South Yarra?,DELIVERED,,7,14,21,28,7,Victorian Ash,2,2800,9692.307692307691,2025-03-02,2025-03-13,2025-03-02,2025-03-19,On Time,0,0
190,90,Dining Table,I'm looking for a custom dining table for my new home in Fitzroy.,DELIVERED,,8,16,24,32,8,Victorian Ash,2,2800,10476.923076923078,2025-03-02,2025-03-14,2025-03-02,2025-03-19,On Time,0,0
191,91,Dining Table,I'm looking for a custom dining table for my new home in Fitzroy.,LOST,,7,14,21,28,7,American Walnut,2,5000,12992.307692307691,2025-03-03,,,,On Time,0,0
192,92,Bookshelf,Can you create a handcrafted bookshelf for our apartment in South Yarra?,LOST,,6,12,18,24,6,Tasmanian Oak,2,2400,8307.692307692309,2025-03-03,,,,On Time,0,0
193,93,Office Desk,We need a set of bespoke office desks for our startup in Richmond.,DELIVERED,,6,12,18,24,6,American Walnut,2,5000,12207.692307692309,2025-03-04,2025-03-13,2025-03-04,2025-03-20,On Time,0,0
194,94,Bookshelf,Can you create a handcrafted bookshelf for our apartment in South Yarra?,DELIVERED,,7,14,21,28,7,Tasmanian Oak,2,2400,9092.307692307691,2025-03-05,2025-03-17,2025-03-05,2025-03-22,On Time,0,0
195,95,Sideboard,We'd like a quote on a custom sideboard for our Hawthorn home.,DELIVERED,,11,22,33,44,11,Tasmanian Oak,3,3600,14030.76923076923,2025-03-05,2025-03-22,2025-03-05,2025-03-29,On Time,0,0
196,96,Dining Table,I'm looking for a custom dining table for my new home in Fitzroy.,LOST,,9,18,27,36,9,Victorian Ash,2,2800,11261.538461538461,2025-03-06,,,,On Time,0,0
197,97,Bookshelf,Can you create a handcrafted bookshelf for our apartment in South Yarra?,DELIVERED,,8,16,24,32,8,Tasmanian Oak,2,2400,9876.923076923078,2025-03-06,2025-03-18,2025-03-06,2025-03-23,On Time,0,0
198,98,Office Desk,We need a set of bespoke office desks for our startup in Richmond.,DELIVERED,,7,14,21,28,7,American Walnut,2,5000,12992.307692307691,2025-03-07,2025-03-18,2025-03-07,2025-03-24,On Time,0,0
199,99,Sideboard,We'd like a quote on a custom sideboard for our Hawthorn home.,LOST,,11,22,33,44,11,Victorian Ash,3,4200,14930.76923076923,2025-03-08,,,,On Time,0,0
200,100,Dining Table,I'm looking for a custom dining table for my new home in Fitzroy.,DELIVERED,,8,16,24,32,8,Tasmanian Oak,2,2400,9876.923076923078,2025-03-08,2025-03-22,2025-03-08,2025-03-25,On Time,0,0
201,101,Media Console,Requesting a quote for a minimalist media console for a St Kilda residence.,LOST,,6,12,18,24,6,Tasmanian Oak,2,2400,8307.692307692309,2025-03-09,,,,On Time,0,0
202,102,Bookshelf,Can you create a handcrafted bookshelf for our apartment in South Yarra?,LOST,,7,14,21,28,7,Tasmanian Oak,2,2400,9092.307692307691,2025-03-09,,,,On Time,0,0
203,103,Office Desk,We need a set of bespoke office desks for our startup in Richmond.,LOST,,8,16,24,32,8,American Walnut,2,5000,13776.923076923078,2025-03-10,,,,On Time,0,0
204,104,Sideboard,We'd like a quote on a custom sideboard for our Hawthorn home.,LOST,,8,16,24,32,8,Tasmanian Oak,2,2400,9876.923076923078,2025-03-11,,,,On Time,0,0
205,105,Bookshelf,Can you create a handcrafted bookshelf for our apartment in South Yarra?,LOST,,7,14,21,28,7,American Walnut,2,5000,12992.307692307691,2025-03-12,,,,On Time,0,0
206,106,Bookshelf,Can you create a handcrafted bookshelf for our apartment in South Yarra?,LOST,,8,16,24,32,8,American Walnut,2,5000,13776.923076923078,2025-03-12,,,,On Time,0,0
207,107,Media Console,Requesting a quote for a minimalist media console for a St Kilda residence.,LOST,,6,12,18,24,6,American Walnut,2,5000,12207.692307692309,2025-03-13,,,,On Time,0,0
208,108,Office Desk,We need a set of bespoke office desks for our startup in Richmond.,LOST,,6,12,18,24,6,American Walnut,2,5000,12207.692307692309,2025-03-13,,,,On Time,0,0
209,109,Office Desk,We need a set of bespoke office desks for our startup in Richmond.,DELIVERED,,7,14,21,28,7,American Walnut,2,5000,12992.307692307691,2025-03-14,2025-03-25,2025-03-14,2025-03-31,On Time,0,0
210,110,Bookshelf,Can you create a handcrafted bookshelf for our apartment in South Yarra?,DELIVERED,,7,14,21,28,7,American Walnut,2,5000,12992.307692307691,2025-03-14,2025-03-26,2025-03-14,2025-03-31,On Time,0,0
211,111,Media Console,Requesting a quote for a minimalist media console for a St Kilda residence.,DELIVERED,,6,12,18,24,6,American Walnut,2,5000,12207.692307692309,2025-03-15,2025-03-25,2025-03-15,2025-03-31,On Time,0,0
212,112,Office Desk,We need a set of bespoke office desks for our startup in Richmond.,LOST,,9,18,27,36,9,American Walnut,2,5000,14561.538461538461,2025-03-15,,,,On Time,0,0
213,113,Sideboard,We'd like a quote on a custom sideboard for our Hawthorn home.,DELIVERED,,11,22,33,44,11,Tasmanian Oak,3,3600,14030.76923076923,2025-03-16,2025-04-02,2025-03-16,2025-04-09,On Time,0,0
214,114,Office Desk,We need a set of bespoke office desks for our startup in Richmond.,DELIVERED,,8,16,24,32,8,American Walnut,2,5000,13776.923076923078,2025-03-16,2025-03-26,2025-03-16,2025-04-02,On Time,0,0
215,115,Bookshelf,Can you create a handcrafted bookshelf for our apartment in South Yarra?,LOST,,5,10,15,20,5,Victorian Ash,1,1400,6023.076923076924,2025-03-17,,,,On Time,0,0
216,116,Media Console,Requesting a quote for a minimalist media console for a St Kilda residence.,DELIVERED,,7,14,21,28,7,Tasmanian Oak,2,2400,9092.307692307691,2025-03-18,2025-03-30,2025-03-18,2025-04-04,On Time,0,0
217,117,Dining Table,I'm looking for a custom dining table for my new home in Fitzroy.,DELIVERED,,8,16,24,32,8,Victorian Ash,2,2800,10476.923076923078,2025-03-19,2025-03-30,2025-03-19,2025-04-05,On Time,0,0
218,118,Dining Table,I'm looking for a custom dining table for my new home in Fitzroy.,DELIVERED,,9,18,27,36,9,Victorian Ash,2,2800,11261.538461538461,2025-03-19,2025-04-09,2025-03-19,2025-04-10,On Time,0,0
219,119,Dining Table,I'm looking for a custom dining table for my new home in Fitzroy.,LOST,,7,14,21,28,7,Tasmanian Oak,2,2400,9092.307692307691,2025-03-20,,,,On Time,0,0
220,120,Dining Table,I'm looking for a custom dining table for my new home in Fitzroy.,LOST,,7,14,21,28,7,Tasmanian Oak,2,2400,9092.307692307691,2025-03-21,,,,On Time,0,0
221,121,Dining Table,I'm looking for a custom dining table for my new home in Fitzroy.,DELIVERED,,7,14,21,28,7,American Walnut,2,5000,12992.307692307691,2025-03-21,2025-04-03,2025-03-21,2025-04-07,On Time,0,0
222,122,Media Console,Requesting a quote for a minimalist media console for a St Kilda residence.,DELIVERED,,6,12,18,24,6,Victorian Ash,2,2800,8907.692307692309,2025-03-22,2025-04-02,2025-03-22,2025-04-07,On Time,0,0
223,123,Media Console,Requesting a quote for a minimalist media console for a St Kilda residence.,LOST,,4,8,12,16,4,Tasmanian Oak,1,1200,4938.461538461539,2025-03-22,,,,On Time,0,0
224,124,Dining Table,I'm looking for a custom dining table for my new home in Fitzroy.,LOST,,9,18,27,36,9,Victorian Ash,2,2800,11261.538461538461,2025-03-23,,,,On Time,0,0
225,125,Media Console,Requesting a quote for a minimalist media console for a St Kilda residence.,LOST,,7,14,21,28,7,Victorian Ash,2,2800,9692.307692307691,2025-03-23,,,,On Time,0,0
226,126,Sideboard,We'd like a quote on a custom sideboard for our Hawthorn home.,DELIVERED,,10,20,30,40,10,American Walnut,2,5000,15346.153846153848,2025-03-24,2025-04-10,2025-03-24,2025-04-15,On Time,0,0
227,127,Office Desk,We need a set of bespoke office desks for our startup in Richmond.,DELIVERED,,7,14,21,28,7,American Walnut,2,5000,12992.307692307691,2025-03-24,2025-04-04,2025-03-24,2025-04-10,On Time,0,0
228,128,Office Desk,We need a set of bespoke office desks for our startup in Richmond.,LOST,,6,12,18,24,6,Tasmanian Oak,2,2400,8307.692307692309,2025-03-25,,,,On Time,0,0
229,129,Dining Table,I'm looking for a custom dining table for my new home in Fitzroy.,DELIVERED,,9,18,27,36,9,Tasmanian Oak,2,2400,10661.538461538461,2025-03-25,2025-04-10,2025-03-25,2025-04-16,On Time,0,0
230,130,Dining Table,I'm looking for a custom dining table for my new home in Fitzroy.,LOST,,10,20,30,40,10,Tasmanian Oak,2,2400,11446.153846153848,2025-03-26,,,,On Time,0,0
231,131,Office Desk,We need a set of bespoke office desks for our startup in Richmond.,DELIVERED,,7,14,21,28,7,American Walnut,2,5000,12992.307692307691,2025-03-26,2025-04-09,2025-03-26,2025-04-12,On Time,0,0
232,132,Dining Table,I'm looking for a custom dining table for my new home in Fitzroy.,LOST,,8,16,24,32,8,Tasmanian Oak,2,2400,9876.923076923078,2025-03-27,,,,On Time,0,0
233,133,Sideboard,We'd like a quote on a custom sideboard for our Hawthorn home.,DELIVERED,,8,16,24,32,8,American Walnut,2,5000,13776.923076923078,2025-03-27,2025-04-10,2025-03-27,2025-04-13,On Time,0,0
234,134,Office Desk,We need a set of bespoke office desks for our startup in Richmond.,LOST,,6,12,18,24,6,American Walnut,2,5000,12207.692307692309,2025-03-28,,,,On Time,0,0
235,135,Sideboard,We'd like a quote on a custom sideboard for our Hawthorn home.,LOST,,8,16,24,32,8,American Walnut,2,5000,13776.923076923078,2025-03-29,,,,On Time,0,0
236,136,Media Console,Requesting a quote for a minimalist media console for a St Kilda residence.,DELIVERED,,5,10,15,20,5,Tasmanian Oak,1,1200,5723.076923076924,2025-03-29,2025-04-08,2025-03-29,2025-04-13,On Time,0,0
237,137,Sideboard,We'd like a quote on a custom sideboard for our Hawthorn home.,LOST,,11,22,33,44,11,American Walnut,3,7500,19880.76923076923,2025-03-30,,,,On Time,0,0
238,138,Bookshelf,Can you create a handcrafted bookshelf for our apartment in South Yarra?,LOST,,6,12,18,24,6,Tasmanian Oak,2,2400,8307.692307692309,2025-03-30,,,,On Time,0,0
239,139,Bookshelf,Can you create a handcrafted bookshelf for our apartment in South Yarra?,LOST,,7,14,21,28,7,Victorian Ash,2,2800,9692.307692307691,2025-03-31,,,,On Time,0,0
240,140,Dining Table,I'm looking for a custom dining table for my new home in Fitzroy.,DELIVERED,,10,20,30,40,10,Tasmanian Oak,2,2400,11446.153846153848,2025-03-31,2025-04-17,2025-03-31,2025-04-22,On Time,0,0
241,141,Sideboard,We'd like a quote on a custom sideboard for our Hawthorn home.,DELIVERED,,10,20,30,40,10,American Walnut,2,5000,15346.153846153848,2025-04-01,2025-04-16,2025-04-01,2025-04-23,On Time,0,0
242,142,Office Desk,We need a set of bespoke office desks for our startup in Richmond.,LOST,,6,12,18,24,6,Tasmanian Oak,2,2400,8307.692307692309,2025-04-01,,,,On Time,0,0
243,143,Dining Table,I'm looking for a custom dining table for my new home in Fitzroy.,LOST,,10,20,30,40,10,Tasmanian Oak,2,2400,11446.153846153848,2025-04-02,,,,On Time,0,0
244,144,Bookshelf,Can you create a handcrafted bookshelf for our apartment in South Yarra?,LOST,,7,14,21,28,7,Tasmanian Oak,2,2400,9092.307692307691,2025-04-02,,,,On Time,0,0
245,145,Office Desk,We need a set of bespoke office desks for our startup in Richmond.,LOST,,6,12,18,24,6,Tasmanian Oak,2,2400,8307.692307692309,2025-04-03,,,,On Time,0,0
246,146,Media Console,Requesting a quote for a minimalist media console for a St Kilda residence.,DELIVERED,,4,8,12,16,4,Tasmanian Oak,1,1200,4938.461538461539,2025-04-03,2025-04-13,2025-04-03,2025-04-15,On Time,0,0
247,147,Bookshelf,Can you create a handcrafted bookshelf for our apartment in South Yarra?,LOST,,6,12,18,24,6,American Walnut,2,5000,12207.692307692309,2025-04-04,,,,On Time,0,0
248,148,Media Console,Requesting a quote for a minimalist media console for a St Kilda residence.,LOST,,5,10,15,20,5,Victorian Ash,1,1400,6023.076923076924,2025-04-04,,,,On Time,0,0
249,149,Dining Table,I'm looking for a custom dining table for my new home in Fitzroy.,LOST,,10,20,30,40,10,American Walnut,2,5000,15346.153846153848,2025-04-05,,,,On Time,0,0
250,150,Bookshelf,Can you create a handcrafted bookshelf for our apartment in South Yarra?,LOST,,7,14,21,28,7,Victorian Ash,2,2800,9692.307692307691,2025-04-05,,,,On Time,0,0
251,151,Sideboard,We'd like a quote on a custom sideboard for our Hawthorn home.,DELIVERED,,10,20,30,40,10,Victorian Ash,2,2800,12200,2025-04-06,2025-04-24,2025-04-06,2025-04-28,On Time,0,0
252,152,Bookshelf,Can you create a handcrafted bookshelf for our apartment in South Yarra?,DELIVERED,,6,12,18,24,6,American Walnut,2,5000,12300,2025-04-06,2025-04-16,2025-04-06,2025-04-22,On Time,0,0
253,153,Media Console,Requesting a quote for a minimalist media console for a St Kilda residence.,LOST,,7,14,21,28,7,Tasmanian Oak,2,2400,9200,2025-04-07,,,,On Time,0,0
254,154,Office Desk,We need a set of bespoke office desks for our startup in Richmond.,LOST,,6,12,18,24,6,Victorian Ash,2,2800,9000,2025-04-07,,,,On Time,0,0
255,155,Dining Table,I'm looking for a custom dining table for my new home in Fitzroy.,LOST,,9,18,27,36,9,Victorian Ash,2,2800,11400,2025-04-08,,,,On Time,0,0
256,156,Dining Table,I'm looking for a custom dining table for my new home in Fitzroy.,DELIVERED,,10,20,30,40,10,Victorian Ash,2,2800,12200,2025-04-08,2025-04-24,2025-04-08,2025-04-30,On Time,0,0
257,157,Media Console,Requesting a quote for a minimalist media console for a St Kilda residence.,DELIVERED,,4,8,12,16,4,American Walnut,1,2500,6950,2025-04-09,2025-04-16,2025-04-09,2025-04-21,On Time,0,0
258,158,Dining Table,I'm looking for a custom dining table for my new home in Fitzroy.,LOST,,7,14,21,28,7,Tasmanian Oak,2,2400,9200,2025-04-09,,,,On Time,0,0
259,159,Office Desk,We need a set of bespoke office desks for our startup in Richmond.,DELIVERED,,9,18,27,36,9,Victorian Ash,2,2800,11400,2025-04-10,2025-04-27,2025-04-10,2025-05-02,On Time,0,0
260,160,Dining Table,I'm looking for a custom dining table for my new home in Fitzroy.,LOST,,7,14,21,28,7,American Walnut,2,5000,13100,2025-04-10,,,,On Time,0,0
261,161,Dining Table,I'm looking for a custom dining table for my new home in Fitzroy.,DELIVERED,,10,20,30,40,10,American Walnut,2,5000,15346.153846153848,2025-04-11,2025-04-29,2025-04-11,2025-05-03,On Time,0,0
262,162,Sideboard,We'd like a quote on a custom sideboard for our Hawthorn home.,LOST,,8,16,24,32,8,American Walnut,2,5000,13776.923076923078,2025-04-11,,,,On Time,0,0
263,163,Media Console,Requesting a quote for a minimalist media console for a St Kilda residence.,LOST,,6,12,18,24,6,American Walnut,2,5000,12207.692307692309,2025-04-12,,,,On Time,0,0
264,164,Office Desk,We need a set of bespoke office desks for our startup in Richmond.,DELIVERED,,9,18,27,36,9,American Walnut,2,5000,14561.538461538461,2025-04-12,2025-04-28,2025-04-12,2025-05-04,On Time,0,0
265,165,Bookshelf,Can you create a handcrafted bookshelf for our apartment in South Yarra?,LOST,,5,10,15,20,5,Tasmanian Oak,1,1200,5723.076923076924,2025-04-13,,,,On Time,0,0
266,166,Media Console,Requesting a quote for a minimalist media console for a St Kilda residence.,LOST,,6,12,18,24,6,Tasmanian Oak,2,2400,8307.692307692309,2025-04-14,,,,On Time,0,0
267,167,Media Console,Requesting a quote for a minimalist media console for a St Kilda residence.,DELIVERED,,7,14,21,28,7,Tasmanian Oak,2,2400,9092.307692307691,2025-04-14,2025-04-24,2025-04-14,2025-05-01,On Time,0,0
268,168,Bookshelf,Can you create a handcrafted bookshelf for our apartment in South Yarra?,DELIVERED,,5,10,15,20,5,American Walnut,1,2500,7673.076923076924,2025-04-15,2025-04-23,2025-04-15,2025-04-30,On Time,0,0
269,169,Sideboard,We'd like a quote on a custom sideboard for our Hawthorn home.,LOST,,11,22,33,44,11,Tasmanian Oak,3,3600,14030.76923076923,2025-04-15,,,,On Time,0,0
270,170,Sideboard,We'd like a quote on a custom sideboard for our Hawthorn home.,LOST,,8,16,24,32,8,Victorian Ash,2,2800,10476.923076923078,2025-04-16,,,,On Time,0,0
271,171,Sideboard,We'd like a quote on a custom sideboard for our Hawthorn home.,DELIVERED,,10,20,30,40,10,Tasmanian Oak,2,2400,11446.153846153848,2025-04-16,2025-04-30,2025-04-16,2025-05-08,On Time,0,0
272,172,Media Console,Requesting a quote for a minimalist media console for a St Kilda residence.,DELIVERED,,6,12,18,24,6,Victorian Ash,2,2800,8907.692307692309,2025-04-17,2025-05-01,2025-04-17,2025-05-03,On Time,0,0
273,173,Dining Table,I'm looking for a custom dining table for my new home in Fitzroy.,LOST,,9,18,27,36,9,Victorian Ash,2,2800,11261.538461538461,2025-04-17,,,,On Time,0,0
274,174,Media Console,Requesting a quote for a minimalist media console for a St Kilda residence.,LOST,,5,10,15,20,5,Tasmanian Oak,1,1200,5723.076923076924,2025-04-18,,,,On Time,0,0
275,175,Media Console,Requesting a quote for a minimalist media console for a St Kilda residence.,LOST,,7,14,21,28,7,American Walnut,2,5000,12992.307692307691,2025-04-18,,,,On Time,0,0
276,176,Office Desk,We need a set of bespoke office desks for our startup in Richmond.,DELIVERED,,7,14,21,28,7,Victorian Ash,2,2800,9692.307692307691,2025-04-19,2025-05-02,2025-04-19,2025-05-06,On Time,0,0
277,177,Dining Table,I'm looking for a custom dining table for my new home in Fitzroy.,LOST,,7,14,21,28,7,American Walnut,2,5000,12992.307692307691,2025-04-19,,,,On Time,0,0
278,178,Office Desk,We need a set of bespoke office desks for our startup in Richmond.,LOST,,8,16,24,32,8,Tasmanian Oak,2,2400,9876.923076923078,2025-04-20,,,,On Time,0,0
279,179,Dining Table,I'm looking for a custom dining table for my new home in Fitzroy.,DELIVERED,,7,14,21,28,7,Victorian Ash,2,2800,9692.307692307691,2025-04-20,2025-05-02,2025-04-20,2025-05-07,On Time,0,0
280,180,Sideboard,We'd like a quote on a custom sideboard for our Hawthorn home.,LOST,,10,20,30,40,10,Tasmanian Oak,2,2400,11446.153846153848,2025-04-21,,,,On Time,0,0
281,181,Sideboard,We'd like a quote on a custom sideboard for our Hawthorn home.,LOST,,9,18,27,36,9,Tasmanian Oak,2,2400,10661.538461538461,2025-04-21,,,,On Time,0,0
282,182,Media Console,Requesting a quote for a minimalist media console for a St Kilda residence.,DELIVERED,,5,10,15,20,5,Tasmanian Oak,1,1200,5723.076923076924,2025-04-22,2025-05-01,2025-04-22,2025-05-07,On Time,0,0
283,183,Sideboard,We'd like a quote on a custom sideboard for our Hawthorn home.,LOST,,9,18,27,36,9,Victorian Ash,2,2800,11261.538461538461,2025-04-22,,,,On Time,0,0
284,184,Bookshelf,Can you create a handcrafted bookshelf for our apartment in South Yarra?,LOST,,7,14,21,28,7,Tasmanian Oak,2,2400,9092.307692307691,2025-04-23,,,,On Time,0,0
285,185,Office Desk,We need a set of bespoke office desks for our startup in Richmond.,DELIVERED,,7,14,21,28,7,American Walnut,2,5000,12992.307692307691,2025-04-23,2025-05-06,2025-04-23,2025-05-10,On Time,0,0
286,186,Dining Table,I'm looking for a custom dining table for my new home in Fitzroy.,LOST,,8,16,24,32,8,American Walnut,2,5000,13776.923076923078,2025-04-24,,,,On Time,0,0
287,187,Media Console,Requesting a quote for a minimalist media console for a St Kilda residence.,LOST,,4,8,12,16,4,Tasmanian Oak,1,1200,4938.461538461539,2025-04-24,,,,On Time,0,0
288,188,Media Console,Requesting a quote for a minimalist media console for a St Kilda residence.,LOST,,4,8,12,16,4,Victorian Ash,1,1400,5238.461538461539,2025-04-25,,,,On Time,0,0
289,189,Dining Table,I'm looking for a custom dining table for my new home in Fitzroy.,LOST,,10,20,30,40,10,Tasmanian Oak,2,2400,11446.153846153848,2025-04-25,,,,On Time,0,0
290,190,Dining Table,I'm looking for a custom dining table for my new home in Fitzroy.,LOST,,7,14,21,28,7,Tasmanian Oak,2,2400,9092.307692307691,2025-04-26,,,,On Time,0,0
291,191,Dining Table,I'm looking for a custom dining table for my new home in Fitzroy.,DELIVERED,,7,14,21,28,7,Tasmanian Oak,2,2400,9092.307692307691,2025-04-26,2025-05-06,2025-04-26,2025-05-13,On Time,0,0
292,192,Media Console,Requesting a quote for a minimalist media console for a St Kilda residence.,LOST,,7,14,21,28,7,Victorian Ash,2,2800,9692.307692307691,2025-04-27,,,,On Time,0,0
293,193,Sideboard,We'd like a quote on a custom sideboard for our Hawthorn home.,DELIVERED,,9,18,27,36,9,Tasmanian Oak,2,2400,10661.538461538461,2025-04-27,2025-05-12,2025-04-27,2025-05-19,On Time,0,0
294,194,Sideboard,We'd like a quote on a custom sideboard for our Hawthorn home.,DELIVERED,,9,18,27,36,9,American Walnut,2,5000,14561.538461538461,2025-04-28,2025-05-12,2025-04-28,2025-05-20,On Time,0,0
295,195,Media Console,Requesting a quote for a minimalist media console for a St Kilda residence.,LOST,,4,8,12,16,4,American Walnut,1,2500,6888.461538461539,2025-04-28,,,,On Time,0,0
296,196,Sideboard,We'd like a quote on a custom sideboard for our Hawthorn home.,LOST,,9,18,27,36,9,Tasmanian Oak,2,2400,10661.538461538461,2025-04-29,,,,On Time,0,0
297,197,Sideboard,We'd like a quote on a custom sideboard for our Hawthorn home.,DELIVERED,,8,16,24,32,8,American Walnut,2,5000,13776.923076923078,2025-04-29,2025-05-11,2025-04-29,2025-05-16,On Time,0,0
298,198,Office Desk,We need a set of bespoke office desks for our startup in Richmond.,LOST,,6,12,18,24,6,American Walnut,2,5000,12207.692307692309,2025-04-30,,,,On Time,0,0
299,199,Sideboard,We'd like a quote on a custom sideboard for our Hawthorn home.,DELIVERED,,11,22,33,44,11,Victorian Ash,3,4200,14930.76923076923,2025-04-30,2025-05-16,2025-04-30,2025-05-24,On Time,0,0
300,200,Bookshelf,Can you create a handcrafted bookshelf for our apartment in South Yarra?,LOST,,5,10,15,20,5,American Walnut,1,2500,7673.076923076924,2025-05-01,,,,On Time,0,0
301,201,Media Console,Requesting a quote for a minimalist media console for a St Kilda residence.,LOST,,7,14,21,28,7,Tasmanian Oak,2,2400,9092.307692307691,2025-05-01,,,,On Time,0,0
302,202,Bookshelf,Can you create a handcrafted bookshelf for our apartment in South Yarra?,LOST,,5,10,15,20,5,Victorian Ash,1,1400,6023.076923076924,2025-05-02,,,,On Time,0,0
303,203,Office Desk,We need a set of bespoke office desks for our startup in Richmond.,LOST,,7,14,21,28,7,Tasmanian Oak,2,2400,9092.307692307691,2025-05-02,,,,On Time,0,0
304,204,Sideboard,We'd like a quote on a custom sideboard for our Hawthorn home.,LOST,,8,16,24,32,8,Victorian Ash,2,2800,10476.923076923078,2025-05-03,,,,On Time,0,0
305,205,Office Desk,We need a set of bespoke office desks for our startup in Richmond.,LOST,,6,12,18,24,6,American Walnut,2,5000,12207.692307692309,2025-05-03,,,,On Time,0,0
306,206,Sideboard,We'd like a quote on a custom sideboard for our Hawthorn home.,DELIVERED,,11,22,33,44,11,Tasmanian Oak,3,3600,14030.76923076923,2025-05-04,2025-05-21,2025-05-04,2025-05-28,On Time,0,0
307,207,Office Desk,We need a set of bespoke office desks for our startup in Richmond.,LOST,,7,14,21,28,7,Victorian Ash,2,2800,9692.307692307691,2025-05-04,,,,On Time,0,0
308,208,Dining Table,I'm looking for a custom dining table for my new home in Fitzroy.,LOST,,8,16,24,32,8,Victorian Ash,2,2800,10476.923076923078,2025-05-05,,,,On Time,0,0
309,209,Media Console,Requesting a quote for a minimalist media console for a St Kilda residence.,DELIVERED,,4,8,12,16,4,American Walnut,1,2500,6888.461538461539,2025-05-05,2025-05-11,2025-05-05,2025-05-17,On Time,0,0
310,210,Office Desk,We need a set of bespoke office desks for our startup in Richmond.,DELIVERED,,6,12,18,24,6,Victorian Ash,2,2800,8907.692307692309,2025-05-06,2025-05-15,2025-05-06,2025-05-22,On Time,0,0
311,211,Sideboard,We'd like a quote on a custom sideboard for our Hawthorn home.,LOST,,10,20,30,40,10,Tasmanian Oak,2,2400,11446.153846153848,2025-05-06,,,,On Time,0,0
312,212,Media Console,Requesting a quote for a minimalist media console for a St Kilda residence.,LOST,,6,12,18,24,6,Victorian Ash,2,2800,8907.692307692309,2025-05-07,,,,On Time,0,0
313,213,Office Desk,We need a set of bespoke office desks for our startup in Richmond.,LOST,,8,16,24,32,8,Tasmanian Oak,2,2400,9876.923076923078,2025-05-08,,,,On Time,0,0
314,214,Dining Table,I'm looking for a custom dining table for my new home in Fitzroy.,LOST,,8,16,24,32,8,Victorian Ash,2,2800,10476.923076923078,2025-05-08,,,,On Time,0,0
315,215,Bookshelf,Can you create a handcrafted bookshelf for our apartment in South Yarra?,LOST,,8,16,24,32,8,Tasmanian Oak,2,2400,9876.923076923078,2025-05-09,,,,On Time,0,0
316,216,Media Console,Requesting a quote for a minimalist media console for a St Kilda residence.,LOST,,7,14,21,28,7,Tasmanian Oak,2,2400,9092.307692307691,2025-05-09,,,,On Time,0,0
317,217,Sideboard,We'd like a quote on a custom sideboard for our Hawthorn home.,DELIVERED,,9,18,27,36,9,Victorian Ash,2,2800,11261.538461538461,2025-05-10,2025-05-28,2025-05-10,2025-06-01,On Time,0,0
318,218,Media Console,Requesting a quote for a minimalist media console for a St Kilda residence.,DELIVERED,,7,14,21,28,7,American Walnut,2,5000,12992.307692307691,2025-05-11,2025-05-23,2025-05-11,2025-05-28,On Time,0,0
319,219,Dining Table,I'm looking for a custom dining table for my new home in Fitzroy.,LOST,,7,14,21,28,7,Tasmanian Oak,2,2400,9092.307692307691,2025-05-12,,,,On Time,0,0
320,220,Dining Table,I'm looking for a custom dining table for my new home in Fitzroy.,LOST,,10,20,30,40,10,Tasmanian Oak,2,2400,11446.153846153848,2025-05-12,,,,On Time,0,0
321,221,Dining Table,I'm looking for a custom dining table for my new home in Fitzroy.,DELIVERED,,8,16,24,32,8,Tasmanian Oak,2,2400,9876.923076923078,2025-05-13,2025-05-25,2025-05-13,2025-05-30,On Time,0,0
322,222,Dining Table,I'm looking for a custom dining table for my new home in Fitzroy.,DELIVERED,,8,16,24,32,8,American Walnut,2,5000,13776.923076923078,2025-05-14,2025-05-24,2025-05-14,2025-05-31,On Time,0,0
323,223,Bookshelf,Can you create a handcrafted bookshelf for our apartment in South Yarra?,DELIVERED,,7,14,21,28,7,Victorian Ash,2,2800,9692.307692307691,2025-05-14,2025-05-24,2025-05-14,2025-05-31,On Time,0,0
324,224,Office Desk,We need a set of bespoke office desks for our startup in Richmond.,LOST,,8,16,24,32,8,Victorian Ash,2,2800,10476.923076923078,2025-05-15,,,,On Time,0,0
325,225,Office Desk,We need a set of bespoke office desks for our startup in Richmond.,DELIVERED,,6,12,18,24,6,Tasmanian Oak,2,2400,8307.692307692309,2025-05-16,2025-05-26,2025-05-16,2025-06-01,On Time,0,0
326,226,Media Console,Requesting a quote for a minimalist media console for a St Kilda residence.,LOST,,7,14,21,28,7,American Walnut,2,5000,12992.307692307691,2025-05-16,,,,On Time,0,0
327,227,Media Console,Requesting a quote for a minimalist media console for a St Kilda residence.,DELIVERED,,6,12,18,24,6,Victorian Ash,2,2800,8907.692307692309,2025-05-17,2025-05-27,2025-05-17,2025-06-02,On Time,0,0
328,228,Sideboard,We'd like a quote on a custom sideboard for our Hawthorn home.,LOST,,10,20,30,40,10,Victorian Ash,2,2800,12046.153846153848,2025-05-17,,,,On Time,0,0
329,229,Sideboard,We'd like a quote on a custom sideboard for our Hawthorn home.,LOST,,10,20,30,40,10,Tasmanian Oak,2,2400,11446.153846153848,2025-05-18,,,,On Time,0,0
330,230,Dining Table,I'm looking for a custom dining table for my new home in Fitzroy.,LOST,,10,20,30,40,10,Victorian Ash,2,2800,12046.153846153848,2025-05-19,,,,On Time,0,0
331,231,Bookshelf,Can you create a handcrafted bookshelf for our apartment in South Yarra?,DELIVERED,,8,16,24,32,8,Tasmanian Oak,2,2400,9876.923076923078,2025-05-19,2025-05-31,2025-05-19,2025-06-05,On Time,0,0
332,232,Media Console,Requesting a quote for a minimalist media console for a St Kilda residence.,DELIVERED,,6,12,18,24,6,Victorian Ash,2,2800,8907.692307692309,2025-05-20,2025-05-31,2025-05-20,2025-06-05,On Time,0,0
333,233,Sideboard,We'd like a quote on a custom sideboard for our Hawthorn home.,LOST,,8,16,24,32,8,American Walnut,2,5000,13776.923076923078,2025-05-20,,,,On Time,0,0
334,234,Sideboard,We'd like a quote on a custom sideboard for our Hawthorn home.,DELIVERED,,11,22,33,44,11,Victorian Ash,3,4200,14825,2025-05-21,2025-06-08,2025-05-21,2025-06-14,On Time,0,0
335,235,Bookshelf,Can you create a handcrafted bookshelf for our apartment in South Yarra?,LOST,,6,12,18,24,6,Victorian Ash,2,2800,8850,2025-05-21,,,,On Time,0,0
336,236,Sideboard,We'd like a quote on a custom sideboard for our Hawthorn home.,LOST,,9,18,27,36,9,Tasmanian Oak,2,2400,10575,2025-05-22,,,,On Time,0,0
337,237,Dining Table,I'm looking for a custom dining table for my new home in Fitzroy.,DELIVERED,,8,16,24,32,8,Victorian Ash,2,2800,10400,2025-05-22,2025-06-04,2025-05-22,2025-06-08,On Time,0,0
338,238,Media Console,Requesting a quote for a minimalist media console for a St Kilda residence.,LOST,,4,8,12,16,4,Tasmanian Oak,1,1200,4900,2025-05-23,,,,On Time,0,0
339,239,Bookshelf,Can you create a handcrafted bookshelf for our apartment in South Yarra?,DELIVERED,,6,12,18,24,6,Victorian Ash,2,2800,8850,2025-05-23,2025-06-04,2025-05-23,2025-06-08,On Time,0,0
340,240,Media Console,Requesting a quote for a minimalist media console for a St Kilda residence.,DELIVERED,,5,10,15,20,5,American Walnut,1,2500,7625,2025-05-24,2025-06-04,2025-05-24,2025-06-08,On Time,0,0
341,241,Sideboard,We'd like a quote on a custom sideboard for our Hawthorn home.,LOST,,8,16,24,32,8,Tasmanian Oak,2,2400,9800,2025-05-24,,,,On Time,0,0
342,242,Sideboard,We'd like a quote on a custom sideboard for our Hawthorn home.,DELIVERED,,10,20,30,40,10,Tasmanian Oak,2,2400,11350,2025-05-25,2025-06-12,2025-05-25,2025-06-16,On Time,0,0
343,243,Bookshelf,Can you create a handcrafted bookshelf for our apartment in South Yarra?,LOST,,5,10,15,20,5,Victorian Ash,1,1400,5975,2025-05-25,,,,On Time,0,0
344,244,Office Desk,We need a set of bespoke office desks for our startup in Richmond.,LOST,,9,18,27,36,9,Victorian Ash,2,2800,11175,2025-05-26,,,,On Time,0,0
345,245,Sideboard,We'd like a quote on a custom sideboard for our Hawthorn home.,LOST,,10,20,30,40,10,American Walnut,2,5000,15250,2025-05-26,,,,On Time,0,0
346,246,Dining Table,I'm looking for a custom dining table for my new home in Fitzroy.,LOST,,7,14,21,28,7,Tasmanian Oak,2,2400,9025,2025-05-27,,,,On Time,0,0
347,247,Bookshelf,Can you create a handcrafted bookshelf for our apartment in South Yarra?,LOST,,6,12,18,24,6,Tasmanian Oak,2,2400,8250,2025-05-27,,,,On Time,0,0
348,248,Dining Table,I'm looking for a custom dining table for my new home in Fitzroy.,LOST,,7,14,21,28,7,Tasmanian Oak,2,2400,9025,2025-05-28,,,,On Time,0,0
349,249,Dining Table,I'm looking for a custom dining table for my new home in Fitzroy.,DELIVERED,,10,20,30,40,10,Tasmanian Oak,2,2400,11350,2025-05-29,2025-06-12,2025-05-29,2025-06-20,On Time,0,0
350,250,Dining Table,I'm looking for a custom dining table for my new home in Fitzroy.,LOST,,8,16,24,32,8,American Walnut,2,5000,13700,2025-05-30,,,,On Time,0,0
351,251,Dining Table,I'm looking for a custom dining table for my new home in Fitzroy.,LOST,,8,16,24,32,8,Victorian Ash,2,2800,10400,2025-05-30,,,,On Time,0,0
352,252,Sideboard,We'd like a quote on a custom sideboard for our Hawthorn home.,LOST,,8,16,24,32,8,Victorian Ash,2,2800,10476.923076923078,2025-05-31,,,,On Time,0,0
353,253,Sideboard,We'd like a quote on a custom sideboard for our Hawthorn home.,LOST,,9,18,27,36,9,Victorian Ash,2,2800,11261.538461538461,2025-05-31,,,,On Time,0,0
354,254,Office Desk,We need a set of bespoke office desks for our startup in Richmond.,LOST,,9,18,27,36,9,American Walnut,2,5000,14561.538461538461,2025-06-01,,,,On Time,0,0
355,255,Sideboard,We'd like a quote on a custom sideboard for our Hawthorn home.,DELIVERED,,8,16,24,32,8,American Walnut,2,5000,13776.923076923078,2025-06-01,2025-06-12,2025-06-01,2025-06-18,On Time,0,0
356,256,Bookshelf,Can you create a handcrafted bookshelf for our apartment in South Yarra?,LOST,,8,16,24,32,8,American Walnut,2,5000,13776.923076923078,2025-06-02,,,,On Time,0,0
357,257,Bookshelf,Can you create a handcrafted bookshelf for our apartment in South Yarra?,DELIVERED,,6,12,18,24,6,American Walnut,2,5000,12207.692307692309,2025-06-02,2025-06-12,2025-06-02,2025-06-18,On Time,0,0
358,258,Media Console,Requesting a quote for a minimalist media console for a St Kilda residence.,DELIVERED,,7,14,21,28,7,Tasmanian Oak,2,2400,9092.307692307691,2025-06-03,2025-06-15,2025-06-03,2025-06-20,On Time,0,0
359,259,Media Console,Requesting a quote for a minimalist media console for a St Kilda residence.,LOST,,7,14,21,28,7,Tasmanian Oak,2,2400,9092.307692307691,2025-06-04,,,,On Time,0,0
360,260,Sideboard,We'd like a quote on a custom sideboard for our Hawthorn home.,LOST,,10,20,30,40,10,Tasmanian Oak,2,2400,11446.153846153848,2025-06-05,,,,On Time,0,0
361,261,Office Desk,We need a set of bespoke office desks for our startup in Richmond.,DELIVERED,,7,14,21,28,7,Victorian Ash,2,2800,9692.307692307691,2025-06-05,2025-06-17,2025-06-05,2025-06-22,On Time,0,0
362,262,Sideboard,We'd like a quote on a custom sideboard for our Hawthorn home.,DELIVERED,,8,16,24,32,8,American Walnut,2,5000,13776.923076923078,2025-06-06,2025-06-18,2025-06-06,2025-06-23,On Time,0,0
363,263,Dining Table,I'm looking for a custom dining table for my new home in Fitzroy.,DELIVERED,,8,16,24,32,8,Tasmanian Oak,2,2400,9876.923076923078,2025-06-07,2025-06-19,2025-06-07,2025-06-24,On Time,0,0
364,264,Dining Table,I'm looking for a custom dining table for my new home in Fitzroy.,LOST,,9,18,27,36,9,Tasmanian Oak,2,2400,10661.538461538461,2025-06-08,,,,On Time,0,0
365,265,Sideboard,We'd like a quote on a custom sideboard for our Hawthorn home.,LOST,,9,18,27,36,9,Victorian Ash,2,2800,11261.538461538461,2025-06-09,,,,On Time,0,0
366,266,Sideboard,We'd like a quote on a custom sideboard for our Hawthorn home.,LOST,,8,16,24,32,8,American Walnut,2,5000,13776.923076923078,2025-06-09,,,,On Time,0,0
367,267,Bookshelf,Can you create a handcrafted bookshelf for our apartment in South Yarra?,DELIVERED,,5,10,15,20,5,American Walnut,1,2500,7673.076923076924,2025-06-10,2025-06-18,2025-06-10,2025-06-25,On Time,0,0
368,268,Sideboard,We'd like a quote on a custom sideboard for our Hawthorn home.,LOST,,9,18,27,36,9,Tasmanian Oak,2,2400,10661.538461538461,2025-06-11,,,,On Time,0,0
369,269,Sideboard,We'd like a quote on a custom sideboard for our Hawthorn home.,LOST,,11,22,33,44,11,Victorian Ash,3,4200,14930.76923076923,2025-06-11,,,,On Time,0,0
370,270,Bookshelf,Can you create a handcrafted bookshelf for our apartment in South Yarra?,LOST,,8,16,24,32,8,Tasmanian Oak,2,2400,9876.923076923078,2025-06-12,,,,On Time,0,0
371,271,Bookshelf,Can you create a handcrafted bookshelf for our apartment in South Yarra?,DELIVERED,,6,12,18,24,6,American Walnut,2,5000,12207.692307692309,2025-06-13,2025-06-22,2025-06-13,2025-06-29,On Time,0,0
372,272,Bookshelf,Can you create a handcrafted bookshelf for our apartment in South Yarra?,DELIVERED,,5,10,15,20,5,Tasmanian Oak,1,1200,5723.076923076924,2025-06-13,2025-06-22,2025-06-13,2025-06-28,On Time,0,0
373,273,Dining Table,I'm looking for a custom dining table for my new home in Fitzroy.,DELIVERED,,9,18,27,36,9,Tasmanian Oak,2,2400,10661.538461538461,2025-06-14,2025-06-28,2025-06-14,2025-07-06,On Time,0,0
374,274,Dining Table,I'm looking for a custom dining table for my new home in Fitzroy.,LOST,,8,16,24,32,8,Victorian Ash,2,2800,10476.923076923078,2025-06-15,,,,On Time,0,0
375,275,Office Desk,We need a set of bespoke office desks for our startup in Richmond.,LOST,,6,12,18,24,6,American Walnut,2,5000,12207.692307692309,2025-06-16,,,,On Time,0,0
376,276,Sideboard,We'd like a quote on a custom sideboard for our Hawthorn home.,LOST,,9,18,27,36,9,American Walnut,2,5000,14561.538461538461,2025-06-16,,,,On Time,0,0
377,277,Sideboard,We'd like a quote on a custom sideboard for our Hawthorn home.,DELIVERED,,8,16,24,32,8,American Walnut,2,5000,13776.923076923078,2025-06-17,2025-06-27,2025-06-17,2025-07-04,On Time,0,0
378,278,Office Desk,We need a set of bespoke office desks for our startup in Richmond.,LOST,,8,16,24,32,8,Tasmanian Oak,2,2400,9876.923076923078,2025-06-18,,,,On Time,0,0
379,279,Sideboard,We'd like a quote on a custom sideboard for our Hawthorn home.,DELIVERED,,10,20,30,40,10,Victorian Ash,2,2800,12046.153846153848,2025-06-19,2025-07-03,2025-06-19,2025-07-11,On Time,0,0
380,280,Media Console,Requesting a quote for a minimalist media console for a St Kilda residence.,LOST,,4,8,12,16,4,American Walnut,1,2500,6888.461538461539,2025-06-20,,,,On Time,0,0
381,281,Sideboard,We'd like a quote on a custom sideboard for our Hawthorn home.,DELIVERED,,8,16,24,32,8,Tasmanian Oak,2,2400,9876.923076923078,2025-06-21,2025-07-01,2025-06-21,2025-07-08,On Time,0,0
382,282,Sideboard,We'd like a quote on a custom sideboard for our Hawthorn home.,DELIVERED,,9,18,27,36,9,Tasmanian Oak,2,2400,10661.538461538461,2025-06-22,2025-07-07,2025-06-22,2025-07-14,On Time,0,0
383,283,Sideboard,We'd like a quote on a custom sideboard for our Hawthorn home.,LOST,,10,20,30,40,10,Tasmanian Oak,2,2400,11446.153846153848,2025-06-23,,,,On Time,0,0
384,284,Bookshelf,Can you create a handcrafted bookshelf for our apartment in South Yarra?,LOST,,7,14,21,28,7,American Walnut,2,5000,12992.307692307691,2025-06-24,,,,On Time,0,0
385,285,Media Console,Requesting a quote for a minimalist media console for a St Kilda residence.,DELIVERED,,7,14,21,28,7,Tasmanian Oak,2,2400,9092.307692307691,2025-06-24,2025-07-06,2025-06-24,2025-07-11,On Time,0,0
386,286,Sideboard,We'd like a quote on a custom sideboard for our Hawthorn home.,DELIVERED,,10,20,30,40,10,American Walnut,2,5000,15346.153846153848,2025-06-25,2025-07-09,2025-06-25,2025-07-17,On Time,0,0
387,287,Dining Table,I'm looking for a custom dining table for my new home in Fitzroy.,DELIVERED,,9,18,27,36,9,Tasmanian Oak,2,2400,10661.538461538461,2025-06-26,2025-07-13,2025-06-26,2025-07-18,On Time,0,0
388,288,Sideboard,We'd like a quote on a custom sideboard for our Hawthorn home.,DELIVERED,,10,20,30,40,10,Tasmanian Oak,2,2400,11446.153846153848,2025-06-27,2025-07-16,2025-06-27,2025-07-19,On Time,0,0
389,289,Dining Table,I'm looking for a custom dining table for my new home in Fitzroy.,DELIVERED,,9,18,27,36,9,Tasmanian Oak,2,2400,10661.538461538461,2025-06-28,2025-07-13,2025-06-28,2025-07-20,On Time,0,0
390,290,Bookshelf,Can you create a handcrafted bookshelf for our apartment in South Yarra?,DELIVERED,,6,12,18,24,6,American Walnut,2,5000,12207.692307692309,2025-06-29,2025-07-08,2025-06-29,2025-07-15,On Time,0,0
391,291,Dining Table,I'm looking for a custom dining table for my new home in Fitzroy.,LOST,,7,14,21,28,7,American Walnut,2,5000,12992.307692307691,2025-06-30,,,,On Time,0,0
392,292,Bookshelf,Can you create a handcrafted bookshelf for our apartment in South Yarra?,LOST,,5,10,15,20,5,American Walnut,1,2500,7673.076923076924,2025-07-01,,,,On Time,0,0
393,293,Dining Table,I'm looking for a custom dining table for my new home in Fitzroy.,DELIVERED,,7,14,21,28,7,Victorian Ash,2,2800,9692.307692307691,2025-07-02,2025-07-12,2025-07-02,2025-07-19,On Time,0,0
394,294,Sideboard,We'd like a quote on a custom sideboard for our Hawthorn home.,LOST,,10,20,30,40,10,Victorian Ash,2,2800,12046.153846153848,2025-07-03,,,,On Time,0,0
395,295,Media Console,Requesting a quote for a minimalist media console for a St Kilda residence.,DELIVERED,,5,10,15,20,5,Victorian Ash,1,1400,6023.076923076924,2025-07-04,2025-07-14,2025-07-04,2025-07-19,On Time,0,0
396,296,Media Console,Requesting a quote for a minimalist media console for a St Kilda residence.,LOST,,5,10,15,20,5,American Walnut,1,2500,7673.076923076924,2025-07-05,,,,On Time,0,0
397,297,Media Console,Requesting a quote for a minimalist media console for a St Kilda residence.,DELIVERED,,5,10,15,20,5,American Walnut,1,2500,7673.076923076924,2025-07-05,2025-07-13,2025-07-05,2025-07-20,On Time,0,0
398,298,Dining Table,I'm looking for a custom dining table for my new home in Fitzroy.,DELIVERED,,7,14,21,28,7,Victorian Ash,2,2800,9692.307692307691,2025-07-06,2025-07-17,2025-07-06,2025-07-23,On Time,0,0
399,299,Dining Table,I'm looking for a custom dining table for my new home in Fitzroy.,LOST,,10,20,30,40,10,Tasmanian Oak,2,2400,11446.153846153848,2025-07-07,,,,On Time,0,0
400,300,Office Desk,We need a set of bespoke office desks for our startup in Richmond.,LOST,,8,16,24,32,8,Tasmanian Oak,2,2400,9876.923076923078,2025-07-07,,,,On Time,0,0
401,301,Sideboard,We'd like a quote on a custom sideboard for our Hawthorn home.,LOST,,9,18,27,36,9,Victorian Ash,2,2800,11261.538461538461,2025-07-08,,,,On Time,0,0
402,302,Office Desk,We need a set of bespoke office desks for our startup in Richmond.,DELIVERED,,6,12,18,24,6,Tasmanian Oak,2,2400,8307.692307692309,2025-07-09,2025-07-18,2025-07-09,2025-07-25,On Time,0,0
403,303,Dining Table,I'm looking for a custom dining table for my new home in Fitzroy.,DELIVERED,,8,16,24,32,8,Tasmanian Oak,2,2400,9876.923076923078,2025-07-10,2025-07-21,2025-07-10,2025-07-27,On Time,0,0
404,304,Dining Table,I'm looking for a custom dining table for my new home in Fitzroy.,DELIVERED,,7,14,21,28,7,Victorian Ash,2,2800,9692.307692307691,2025-07-11,2025-07-21,2025-07-11,2025-07-28,On Time,0,0
405,305,Bookshelf,Can you create a handcrafted bookshelf for our apartment in South Yarra?,DELIVERED,,8,16,24,32,8,Tasmanian Oak,2,2400,9876.923076923078,2025-07-11,2025-07-21,2025-07-11,2025-07-28,On Time,0,0
406,306,Media Console,Requesting a quote for a minimalist media console for a St Kilda residence.,DELIVERED,,5,10,15,20,5,Victorian Ash,1,1400,6023.076923076924,2025-07-12,2025-07-21,2025-07-12,2025-07-27,On Time,0,0
407,307,Bookshelf,Can you create a handcrafted bookshelf for our apartment in South Yarra?,LOST,,7,14,21,28,7,Victorian Ash,2,2800,9692.307692307691,2025-07-13,,,,On Time,0,0
408,308,Office Desk,We need a set of bespoke office desks for our startup in Richmond.,LOST,,7,14,21,28,7,Victorian Ash,2,2800,9692.307692307691,2025-07-14,,,,On Time,0,0
409,309,Bookshelf,Can you create a handcrafted bookshelf for our apartment in South Yarra?,DELIVERED,,7,14,21,28,7,American Walnut,2,5000,13100,2025-07-15,2025-07-26,2025-07-15,2025-08-01,On Time,0,0
410,310,Office Desk,We need a set of bespoke office desks for our startup in Richmond.,DELIVERED,,7,14,21,28,7,Victorian Ash,2,2800,9800,2025-07-16,2025-07-26,2025-07-16,2025-08-02,On Time,0,0
411,311,Office Desk,We need a set of bespoke office desks for our startup in Richmond.,DELIVERED,,6,12,18,24,6,Victorian Ash,2,2800,9000,2025-07-16,2025-07-25,2025-07-16,2025-08-01,On Time,0,0
412,312,Office Desk,We need a set of bespoke office desks for our startup in Richmond.,DELIVERED,,9,18,27,36,9,American Walnut,2,5000,14700,2025-07-17,2025-07-31,2025-07-17,2025-08-08,On Time,0,0
413,313,Bookshelf,Can you create a handcrafted bookshelf for our apartment in South Yarra?,DELIVERED,,7,14,21,28,7,Victorian Ash,2,2800,9800,2025-07-17,2025-07-30,2025-07-17,2025-08-03,On Time,0,0
414,314,Sideboard,We'd like a quote on a custom sideboard for our Hawthorn home.,DELIVERED,,8,16,24,32,8,Victorian Ash,2,2800,10600,2025-07-18,2025-07-30,2025-07-18,2025-08-04,On Time,0,0
415,315,Sideboard,We'd like a quote on a custom sideboard for our Hawthorn home.,DELIVERED,,9,18,27,36,9,American Walnut,2,5000,14700,2025-07-19,2025-08-03,2025-07-19,2025-08-10,On Time,0,0
416,316,Bookshelf,Can you create a handcrafted bookshelf for our apartment in South Yarra?,LOST,,6,12,18,24,6,Tasmanian Oak,2,2400,8400,2025-07-19,,,,On Time,0,0
417,317,Bookshelf,Can you create a handcrafted bookshelf for our apartment in South Yarra?,LOST,,6,12,18,24,6,Victorian Ash,2,2800,9000,2025-07-20,,,,On Time,0,0
418,318,Media Console,Requesting a quote for a minimalist media console for a St Kilda residence.,LOST,,4,8,12,16,4,Victorian Ash,1,1400,5300,2025-07-21,,,,On Time,0,0
419,319,Media Console,Requesting a quote for a minimalist media console for a St Kilda residence.,LOST,,6,12,18,24,6,American Walnut,2,5000,12409.090909090908,2025-07-22,,,,On Time,0,0
420,320,Office Desk,We need a set of bespoke office desks for our startup in Richmond.,LOST,,8,16,24,32,8,Tasmanian Oak,2,2400,10145.454545454544,2025-07-23,,,,On Time,0,0
421,321,Media Console,Requesting a quote for a minimalist media console for a St Kilda residence.,DELIVERED,,6,12,18,24,6,Victorian Ash,2,2800,9109.090909090908,2025-07-24,2025-08-03,2025-07-24,2025-08-09,On Time,0,0
422,322,Media Console,Requesting a quote for a minimalist media console for a St Kilda residence.,LOST,,5,10,15,20,5,American Walnut,1,2500,7750,2025-07-25,,,,On Time,0,0
423,323,Bookshelf,Can you create a handcrafted bookshelf for our apartment in South Yarra?,LOST,,7,14,21,28,7,Tasmanian Oak,2,2400,9200,2025-07-25,,,,On Time,0,0
424,324,Bookshelf,Can you create a handcrafted bookshelf for our apartment in South Yarra?,DELIVERED,,5,10,15,20,5,Victorian Ash,1,1400,6100,2025-07-26,2025-08-04,2025-07-26,2025-08-10,On Time,0,0
425,325,Media Console,Requesting a quote for a minimalist media console for a St Kilda residence.,DELIVERED,,4,8,12,16,4,American Walnut,1,2500,6913.636363636364,2025-07-27,2025-08-02,2025-07-27,2025-08-08,On Time,0,0
426,326,Media Console,Requesting a quote for a minimalist media console for a St Kilda residence.,DELIVERED,,4,8,12,16,4,Tasmanian Oak,1,1200,4963.636363636364,2025-07-28,2025-08-04,2025-07-28,2025-08-09,On Time,0,0
427,327,Bookshelf,Can you create a handcrafted bookshelf for our apartment in South Yarra?,DELIVERED,,7,14,21,28,7,Tasmanian Oak,2,2400,9136.363636363636,2025-07-28,2025-08-07,2025-07-28,2025-08-14,On Time,0,0
428,328,Office Desk,We need a set of bespoke office desks for our startup in Richmond.,DELIVERED,,8,16,24,32,8,Tasmanian Oak,2,2400,9927.272727272728,2025-07-29,2025-08-09,2025-07-29,2025-08-15,On Time,0,0
429,329,Sideboard,We'd like a quote on a custom sideboard for our Hawthorn home.,LOST,,10,20,30,40,10,Victorian Ash,2,2800,12109.090909090908,2025-07-29,,,,On Time,0,0
430,330,Bookshelf,Can you create a handcrafted bookshelf for our apartment in South Yarra?,DELIVERED,,5,10,15,20,5,Victorian Ash,1,1400,6054.545454545454,2025-07-30,2025-08-07,2025-07-30,2025-08-14,On Time,0,0
431,331,Office Desk,We need a set of bespoke office desks for our startup in Richmond.,LOST,,6,12,18,24,6,Victorian Ash,2,2800,8850,2025-07-31,,,,On Time,0,0
432,332,Dining Table,I'm looking for a custom dining table for my new home in Fitzroy.,LOST,,9,18,27,36,9,Tasmanian Oak,2,2400,10575,2025-08-01,,,,On Time,0,0
433,333,Media Console,Requesting a quote for a minimalist media console for a St Kilda residence.,LOST,,4,8,12,16,4,Victorian Ash,1,1400,5200,2025-08-01,,,,On Time,0,0
434,334,Office Desk,We need a set of bespoke office desks for our startup in Richmond.,LOST,,9,18,27,36,9,Tasmanian Oak,2,2400,10575,2025-08-02,,,,On Time,0,0
435,335,Sideboard,We'd like a quote on a custom sideboard for our Hawthorn home.,LOST,,8,16,24,32,8,American Walnut,2,5000,13700,2025-08-02,,,,On Time,0,0
436,336,Dining Table,I'm looking for a custom dining table for my new home in Fitzroy.,LOST,,10,20,30,40,10,American Walnut,2,5000,15250,2025-08-03,,,,On Time,0,0
437,337,Dining Table,I'm looking for a custom dining table for my new home in Fitzroy.,DELIVERED,,8,16,24,32,8,American Walnut,2,5000,13776.923076923078,2025-08-04,2025-08-14,2025-08-04,2025-08-21,On Time,0,0
438,338,Media Console,Requesting a quote for a minimalist media console for a St Kilda residence.,DELIVERED,,5,10,15,20,5,American Walnut,1,2500,7673.076923076924,2025-08-05,2025-08-13,2025-08-05,2025-08-20,On Time,0,0
439,339,Bookshelf,Can you create a handcrafted bookshelf for our apartment in South Yarra?,DELIVERED,,6,12,18,24,6,Victorian Ash,2,2800,8907.692307692309,2025-08-05,2025-08-14,2025-08-05,2025-08-21,On Time,0,0
440,340,Office Desk,We need a set of bespoke office desks for our startup in Richmond.,DELIVERED,,6,12,18,24,6,Tasmanian Oak,2,2400,8307.692307692309,2025-08-06,2025-08-16,2025-08-06,2025-08-22,On Time,0,0
441,341,Bookshelf,Can you create a handcrafted bookshelf for our apartment in South Yarra?,LOST,,6,12,18,24,6,Victorian Ash,2,2800,8907.692307692309,2025-08-06,,,,On Time,0,0
442,342,Bookshelf,Can you create a handcrafted bookshelf for our apartment in South Yarra?,DELIVERED,,7,14,21,28,7,American Walnut,2,5000,12992.307692307691,2025-08-07,2025-08-21,2025-08-07,2025-08-24,On Time,0,0
443,343,Bookshelf,Can you create a handcrafted bookshelf for our apartment in South Yarra?,LOST,,6,12,18,24,6,American Walnut,2,5000,12207.692307692309,2025-08-08,,,,On Time,0,0
444,344,Sideboard,We'd like a quote on a custom sideboard for our Hawthorn home.,LOST,,8,16,24,32,8,Victorian Ash,2,2800,10476.923076923078,2025-08-09,,,,On Time,0,0
445,345,Bookshelf,Can you create a handcrafted bookshelf for our apartment in South Yarra?,LOST,,8,16,24,32,8,Tasmanian Oak,2,2400,9876.923076923078,2025-08-09,,,,On Time,0,0
446,346,Sideboard,We'd like a quote on a custom sideboard for our Hawthorn home.,DELIVERED,,10,20,30,40,10,Tasmanian Oak,2,2400,11446.153846153848,2025-08-10,2025-08-27,2025-08-10,2025-09-01,On Time,0,0
447,347,Media Console,Requesting a quote for a minimalist media console for a St Kilda residence.,DELIVERED,,5,10,15,20,5,American Walnut,1,2500,7673.076923076924,2025-08-11,2025-08-20,2025-08-11,2025-08-26,On Time,0,0
448,348,Bookshelf,Can you create a handcrafted bookshelf for our apartment in South Yarra?,DELIVERED,,5,10,15,20,5,Victorian Ash,1,1400,6023.076923076924,2025-08-12,2025-08-23,2025-08-12,2025-08-27,On Time,0,0
449,349,Media Console,Requesting a quote for a minimalist media console for a St Kilda residence.,LOST,,5,10,15,20,5,Tasmanian Oak,1,1200,5723.076923076924,2025-08-13,,,,On Time,0,0
450,350,Bookshelf,Can you create a handcrafted bookshelf for our apartment in South Yarra?,DELIVERED,,7,14,21,28,7,Tasmanian Oak,2,2400,9092.307692307691,2025-08-13,2025-08-25,2025-08-13,2025-08-30,On Time,0,0
451,351,Media Console,Requesting a quote for a minimalist media console for a St Kilda residence.,DELIVERED,,6,12,18,24,6,Tasmanian Oak,2,2400,8307.692307692309,2025-08-14,2025-08-24,2025-08-14,2025-08-30,On Time,0,0
452,352,Media Console,Requesting a quote for a minimalist media console for a St Kilda residence.,LOST,,4,8,12,16,4,American Walnut,1,2500,6888.461538461539,2025-08-15,,,,On Time,0,0
453,353,Bookshelf,Can you create a handcrafted bookshelf for our apartment in South Yarra?,DELIVERED,,6,12,18,24,6,Victorian Ash,2,2800,8907.692307692309,2025-08-15,2025-08-24,2025-08-15,2025-08-31,On Time,0,0
454,354,Media Console,Requesting a quote for a minimalist media console for a St Kilda residence.,DELIVERED,,5,10,15,20,5,Victorian Ash,1,1400,6023.076923076924,2025-08-16,2025-08-24,2025-08-16,2025-08-31,On Time,0,0
455,355,Sideboard,We'd like a quote on a custom sideboard for our Hawthorn home.,DELIVERED,,10,20,30,40,10,Victorian Ash,2,2800,12046.153846153848,2025-08-17,2025-08-31,2025-08-17,2025-09-08,On Time,0,0
456,356,Bookshelf,Can you create a handcrafted bookshelf for our apartment in South Yarra?,LOST,,8,16,24,32,8,Tasmanian Oak,2,2400,9876.923076923078,2025-08-18,,,,On Time,0,0
457,357,Bookshelf,Can you create a handcrafted bookshelf for our apartment in South Yarra?,LOST,,5,10,15,20,5,Tasmanian Oak,1,1200,5723.076923076924,2025-08-18,,,,On Time,0,0
458,358,Dining Table,I'm looking for a custom dining table for my new home in Fitzroy.,DELIVERED,,8,16,24,32,8,Tasmanian Oak,2,2400,9876.923076923078,2025-08-19,2025-08-29,2025-08-19,2025-09-05,On Time,0,0
459,359,Media Console,Requesting a quote for a minimalist media console for a St Kilda residence.,LOST,,7,14,21,28,7,American Walnut,2,5000,12992.307692307691,2025-08-20,,,,On Time,0,0
460,360,Sideboard,We'd like a quote on a custom sideboard for our Hawthorn home.,LOST,,11,22,33,44,11,Victorian Ash,3,4200,14930.76923076923,2025-08-21,,,,On Time,0,0
461,361,Office Desk,We need a set of bespoke office desks for our startup in Richmond.,DELIVERED,,7,14,21,28,7,Victorian Ash,2,2800,9692.307692307691,2025-08-22,2025-09-02,2025-08-22,2025-09-08,On Time,0,0
462,362,Sideboard,We'd like a quote on a custom sideboard for our Hawthorn home.,DELIVERED,,11,22,33,44,11,Victorian Ash,3,4200,14930.76923076923,2025-08-23,2025-09-08,2025-08-23,2025-09-16,On Time,0,0
463,363,Office Desk,We need a set of bespoke office desks for our startup in Richmond.,DELIVERED,,7,14,21,28,7,Tasmanian Oak,2,2400,9092.307692307691,2025-08-24,2025-09-05,2025-08-24,2025-09-10,On Time,0,0
464,364,Media Console,Requesting a quote for a minimalist media console for a St Kilda residence.,LOST,,7,14,21,28,7,American Walnut,2,5000,12992.307692307691,2025-08-25,,,,On Time,0,0
465,365,Office Desk,We need a set of bespoke office desks for our startup in Richmond.,LOST,,9,18,27,36,9,Tasmanian Oak,2,2400,10661.538461538461,2025-08-26,,,,On Time,0,0
466,366,Bookshelf,Can you create a handcrafted bookshelf for our apartment in South Yarra?,DELIVERED,,6,12,18,24,6,American Walnut,2,5000,12207.692307692309,2025-08-27,2025-09-07,2025-08-27,2025-09-12,On Time,0,0
467,367,Dining Table,I'm looking for a custom dining table for my new home in Fitzroy.,DELIVERED,,10,20,30,40,10,Victorian Ash,2,2800,12046.153846153848,2025-08-27,2025-09-11,2025-08-27,2025-09-18,On Time,0,0
468,368,Media Console,Requesting a quote for a minimalist media console for a St Kilda residence.,LOST,,7,14,21,28,7,Tasmanian Oak,2,2400,9092.307692307691,2025-08-28,,,,On Time,0,0
469,369,Media Console,Requesting a quote for a minimalist media console for a St Kilda residence.,DELIVERED,,7,14,21,28,7,Tasmanian Oak,2,2400,9092.307692307691,2025-08-29,2025-09-11,2025-08-29,2025-09-15,On Time,0,0
470,370,Office Desk,We need a set of bespoke office desks for our startup in Richmond.,DELIVERED,,8,16,24,32,8,American Walnut,2,5000,13776.923076923078,2025-08-29,2025-09-11,2025-08-29,2025-09-15,On Time,0,0
471,371,Office Desk,We need a set of bespoke office desks for our startup in Richmond.,DELIVERED,,7,14,21,28,7,American Walnut,2,5000,12992.307692307691,2025-08-30,2025-09-11,2025-08-30,2025-09-16,On Time,0,0
472,372,Office Desk,We need a set of bespoke office desks for our startup in Richmond.,LOST,,6,12,18,24,6,American Walnut,2,5000,12207.692307692309,2025-08-31,,,,On Time,0,0
473,373,Dining Table,I'm looking for a custom dining table for my new home in Fitzroy.,LOST,,10,20,30,40,10,Victorian Ash,2,2800,12046.153846153848,2025-09-01,,,,On Time,0,0
474,374,Dining Table,I'm looking for a custom dining table for my new home in Fitzroy.,LOST,,10,20,30,40,10,American Walnut,2,5000,15346.153846153848,2025-09-01,,,,On Time,0,0
475,375,Dining Table,I'm looking for a custom dining table for my new home in Fitzroy.,LOST,,7,14,21,28,7,Tasmanian Oak,2,2400,9092.307692307691,2025-09-02,,,,On Time,0,0
476,376,Sideboard,We'd like a quote on a custom sideboard for our Hawthorn home.,DELIVERED,,11,22,33,44,11,American Walnut,3,7500,19880.76923076923,2025-09-03,2025-09-19,2025-09-03,2025-09-27,On Time,0,0
477,377,Office Desk,We need a set of bespoke office desks for our startup in Richmond.,LOST,,9,18,27,36,9,American Walnut,2,5000,14561.538461538461,2025-09-04,,,,On Time,0,0
478,378,Sideboard,We'd like a quote on a custom sideboard for our Hawthorn home.,DELIVERED,,8,16,24,32,8,American Walnut,2,5000,13776.923076923078,2025-09-04,2025-09-15,2025-09-04,2025-09-21,On Time,0,0
479,379,Media Console,Requesting a quote for a minimalist media console for a St Kilda residence.,LOST,,5,10,15,20,5,American Walnut,1,2500,7673.076923076924,2025-09-05,,,,On Time,0,0
480,380,Bookshelf,Can you create a handcrafted bookshelf for our apartment in South Yarra?,DELIVERED,,8,16,24,32,8,Victorian Ash,2,2800,10476.923076923078,2025-09-06,2025-09-16,2025-09-06,2025-09-23,On Time,0,0
481,381,Dining Table,I'm looking for a custom dining table for my new home in Fitzroy.,DELIVERED,,7,14,21,28,7,Victorian Ash,2,2800,9692.307692307691,2025-09-06,2025-09-16,2025-09-06,2025-09-23,On Time,0,0
482,382,Dining Table,I'm looking for a custom dining table for my new home in Fitzroy.,LOST,,7,14,21,28,7,Victorian Ash,2,2800,9692.307692307691,2025-09-07,,,,On Time,0,0
483,383,Dining Table,I'm looking for a custom dining table for my new home in Fitzroy.,DELIVERED,,10,20,30,40,10,Tasmanian Oak,2,2400,11446.153846153848,2025-09-07,2025-09-24,2025-09-07,2025-09-29,On Time,0,0
484,384,Media Console,Requesting a quote for a minimalist media console for a St Kilda residence.,DELIVERED,,4,8,12,16,4,Victorian Ash,1,1400,5238.461538461539,2025-09-08,2025-09-16,2025-09-08,2025-09-20,On Time,0,0
485,385,Office Desk,We need a set of bespoke office desks for our startup in Richmond.,LOST,,9,18,27,36,9,Victorian Ash,2,2800,11261.538461538461,2025-09-08,,,,On Time,0,0
486,386,Media Console,Requesting a quote for a minimalist media console for a St Kilda residence.,DELIVERED,,6,12,18,24,6,Tasmanian Oak,2,2400,8307.692307692309,2025-09-09,2025-09-19,2025-09-09,2025-09-25,On Time,0,0
487,387,Bookshelf,Can you create a handcrafted bookshelf for our apartment in South Yarra?,LOST,,8,16,24,32,8,Victorian Ash,2,2800,10476.923076923078,2025-09-09,,,,On Time,0,0
488,388,Sideboard,We'd like a quote on a custom sideboard for our Hawthorn home.,DELIVERED,,11,22,33,44,11,American Walnut,3,7500,19880.76923076923,2025-09-10,2025-10-02,2025-09-10,2025-10-04,On Time,0,0
489,389,Office Desk,We need a set of bespoke office desks for our startup in Richmond.,LOST,,7,14,21,28,7,American Walnut,2,5000,12992.307692307691,2025-09-10,,,,On Time,0,0
490,390,Media Console,Requesting a quote for a minimalist media console for a St Kilda residence.,DELIVERED,,4,8,12,16,4,Victorian Ash,1,1400,5238.461538461539,2025-09-11,2025-09-18,2025-09-11,2025-09-23,On Time,0,0
491,391,Sideboard,We'd like a quote on a custom sideboard for our Hawthorn home.,LOST,,9,18,27,36,9,American Walnut,2,5000,14561.538461538461,2025-09-11,,,,On Time,0,0
492,392,Bookshelf,Can you create a handcrafted bookshelf for our apartment in South Yarra?,DELIVERED,,6,12,18,24,6,Victorian Ash,2,2800,8907.692307692309,2025-09-12,2025-09-23,2025-09-12,2025-09-28,On Time,0,0
493,393,Dining Table,I'm looking for a custom dining table for my new home in Fitzroy.,LOST,,9,18,27,36,9,Victorian Ash,2,2800,11261.538461538461,2025-09-12,,,,On Time,0,0
494,394,Sideboard,We'd like a quote on a custom sideboard for our Hawthorn home.,DELIVERED,,9,18,27,36,9,Victorian Ash,2,2800,11261.538461538461,2025-09-13,2025-09-27,2025-09-13,2025-10-05,On Time,0,0
495,395,Dining Table,I'm looking for a custom dining table for my new home in Fitzroy.,LOST,,10,20,30,40,10,Tasmanian Oak,2,2400,11446.153846153848,2025-09-13,,,,On Time,0,0
496,396,Office Desk,We need a set of bespoke office desks for our startup in Richmond.,LOST,,8,16,24,32,8,Victorian Ash,2,2800,10476.923076923078,2025-09-14,,,,On Time,0,0
497,397,Bookshelf,Can you create a handcrafted bookshelf for our apartment in South Yarra?,DELIVERED,,8,16,24,32,8,Victorian Ash,2,2800,10476.923076923078,2025-09-14,2025-09-28,2025-09-14,2025-10-01,On Time,0,0
498,398,Office Desk,We need a set of bespoke office desks for our startup in Richmond.,DELIVERED,,9,18,27,36,9,Victorian Ash,2,2800,11261.538461538461,2025-09-15,2025-09-30,2025-09-15,2025-10-07,On Time,0,0
499,399,Dining Table,I'm looking for a custom dining table for my new home in Fitzroy.,LOST,,9,18,27,36,9,Victorian Ash,2,2800,11261.538461538461,2025-09-15,,,,On Time,0,0
500,400,Office Desk,We need a set of bespoke office desks for our startup in Richmond.,DELIVERED,,9,18,27,36,9,Tasmanian Oak,2,2400,10661.538461538461,2025-09-16,2025-10-01,2025-09-16,2025-10-08,On Time,0,0
501,401,Office Desk,We need a set of bespoke office desks for our startup in Richmond.,LOST,,8,16,24,32,8,Tasmanian Oak,2,2400,9876.923076923078,2025-09-17,,,,On Time,0,0
502,402,Sideboard,We'd like a quote on a custom sideboard for our Hawthorn home.,DELIVERED,,10,20,30,40,10,American Walnut,2,5000,15346.153846153848,2025-09-17,2025-10-07,2025-09-17,2025-10-09,On Time,0,0
503,403,Bookshelf,Can you create a handcrafted bookshelf for our apartment in South Yarra?,LOST,,8,16,24,32,8,Tasmanian Oak,2,2400,9876.923076923078,2025-09-18,,,,On Time,0,0
504,404,Office Desk,We need a set of bespoke office desks for our startup in Richmond.,DELIVERED,,9,18,27,36,9,Tasmanian Oak,2,2400,10661.538461538461,2025-09-18,2025-10-06,2025-09-18,2025-10-10,On Time,0,0
505,405,Media Console,Requesting a quote for a minimalist media console for a St Kilda residence.,DELIVERED,,5,10,15,20,5,American Walnut,1,2500,7625,2025-09-19,2025-09-30,2025-09-19,2025-10-04,On Time,0,0
506,406,Bookshelf,Can you create a handcrafted bookshelf for our apartment in South Yarra?,LOST,,5,10,15,20,5,American Walnut,1,2500,7625,2025-09-19,,,,On Time,0,0
507,407,Sideboard,We'd like a quote on a custom sideboard for our Hawthorn home.,LOST,,8,16,24,32,8,Tasmanian Oak,2,2400,9800,2025-09-20,,,,On Time,0,0
508,408,Bookshelf,Can you create a handcrafted bookshelf for our apartment in South Yarra?,LOST,,7,14,21,28,7,Victorian Ash,2,2800,9625,2025-09-20,,,,On Time,0,0
509,409,Media Console,Requesting a quote for a minimalist media console for a St Kilda residence.,DELIVERED,,7,14,21,28,7,Tasmanian Oak,2,2400,9025,2025-09-21,2025-10-10,2025-09-21,2025-10-08,Late,2,0.1
510,410,Media Console,Requesting a quote for a minimalist media console for a St Kilda residence.,DELIVERED,,4,8,12,16,4,American Walnut,1,2500,6850,2025-09-21,2025-10-04,2025-09-21,2025-10-03,Late,1,0.1
511,411,Media Console,Requesting a quote for a minimalist media console for a St Kilda residence.,LOST,,7,14,21,28,7,Tasmanian Oak,2,2400,9025,2025-09-22,,,,On Time,0,0
512,412,Media Console,Requesting a quote for a minimalist media console for a St Kilda residence.,DELIVERED,,6,12,18,24,6,American Walnut,2,5000,12150,2025-09-22,2025-10-09,2025-09-22,2025-10-08,Late,1,0.1
513,413,Bookshelf,Can you create a handcrafted bookshelf for our apartment in South Yarra?,LOST,,7,14,21,28,7,Tasmanian Oak,2,2400,9025,2025-09-23,,,,On Time,0,0
514,414,Bookshelf,Can you create a handcrafted bookshelf for our apartment in South Yarra?,LOST,,8,16,24,32,8,Tasmanian Oak,2,2400,9876.923076923078,2025-09-24,,,,On Time,0,0
515,415,Office Desk,We need a set of bespoke office desks for our startup in Richmond.,DELIVERED,,9,18,27,36,9,American Walnut,2,5000,14561.538461538461,2025-09-24,2025-10-13,2025-09-24,2025-10-16,On Time,0,0
516,416,Sideboard,We'd like a quote on a custom sideboard for our Hawthorn home.,DELIVERED,,9,18,27,36,9,American Walnut,2,5000,14561.538461538461,2025-09-25,2025-10-17,2025-09-25,2025-10-17,On Time,0,0
517,417,Office Desk,We need a set of bespoke office desks for our startup in Richmond.,DELIVERED,,6,12,18,24,6,Victorian Ash,2,2800,8907.692307692309,2025-09-25,2025-10-11,2025-09-25,2025-10-11,On Time,0,0
518,418,Bookshelf,Can you create a handcrafted bookshelf for our apartment in South Yarra?,DELIVERED,,7,14,21,28,7,Tasmanian Oak,2,2400,9092.307692307691,2025-09-26,2025-10-15,2025-09-26,2025-10-13,Late,2,0.1
519,419,Sideboard,We'd like a quote on a custom sideboard for our Hawthorn home.,LOST,,11,22,33,44,11,Victorian Ash,3,4200,14930.76923076923,2025-09-26,,,,On Time,0,0
520,420,Office Desk,We need a set of bespoke office desks for our startup in Richmond.,LOST,,9,18,27,36,9,American Walnut,2,5000,14561.538461538461,2025-09-27,,,,On Time,0,0
521,421,Office Desk,We need a set of bespoke office desks for our startup in Richmond.,DELIVERED,,6,12,18,24,6,American Walnut,2,5000,12207.692307692309,2025-09-28,2025-10-14,2025-09-28,2025-10-14,On Time,0,0
522,422,Office Desk,We need a set of bespoke office desks for our startup in Richmond.,LOST,,7,14,21,28,7,American Walnut,2,5000,12992.307692307691,2025-09-28,,,,On Time,0,0
523,423,Bookshelf,Can you create a handcrafted bookshelf for our apartment in South Yarra?,DELIVERED,,7,14,21,28,7,Victorian Ash,2,2800,9692.307692307691,2025-09-29,2025-10-15,2025-09-29,2025-10-16,On Time,0,0
524,424,Bookshelf,Can you create a handcrafted bookshelf for our apartment in South Yarra?,LOST,,6,12,18,24,6,Victorian Ash,2,2800,8907.692307692309,2025-09-29,,,,On Time,0,0
525,425,Bookshelf,Can you create a handcrafted bookshelf for our apartment in South Yarra?,DELIVERED,,5,10,15,20,5,American Walnut,1,2500,7625,2025-09-30,2025-10-15,2025-09-30,2025-10-15,On Time,0,0
526,426,Bookshelf,Can you create a handcrafted bookshelf for our apartment in South Yarra?,LOST,,6,12,18,24,6,Tasmanian Oak,2,2400,8250,2025-09-30,,,,On Time,0,0
527,427,Media Console,Requesting a quote for a minimalist media console for a St Kilda residence.,LOST,,5,10,15,20,5,American Walnut,1,2500,7625,2025-10-01,,,,On Time,0,0
528,428,Office Desk,We need a set of bespoke office desks for our startup in Richmond.,LOST,,7,14,21,28,7,American Walnut,2,5000,12925,2025-10-01,,,,On Time,0,0
529,429,Media Console,Requesting a quote for a minimalist media console for a St Kilda residence.,LOST,,5,10,15,20,5,Tasmanian Oak,1,1200,5675,2025-10-02,,,,On Time,0,0
530,430,Dining Table,I'm looking for a custom dining table for my new home in Fitzroy.,LOST,,10,20,30,40,10,Victorian Ash,2,2800,11950,2025-10-02,,,,On Time,0,0
531,431,Sideboard,We'd like a quote on a custom sideboard for our Hawthorn home.,DELIVERED,,10,20,30,40,10,American Walnut,2,5000,15250,2025-10-03,2025-10-23,2025-10-03,2025-10-25,On Time,0,0
532,432,Office Desk,We need a set of bespoke office desks for our startup in Richmond.,LOST,,7,14,21,28,7,American Walnut,2,5000,12925,2025-10-03,,,,On Time,0,0
533,433,Sideboard,We'd like a quote on a custom sideboard for our Hawthorn home.,DELIVERED,,11,22,33,44,11,American Walnut,3,7500,19775,2025-10-04,2025-10-24,2025-10-04,2025-10-28,On Time,0,0
534,434,Bookshelf,Can you create a handcrafted bookshelf for our apartment in South Yarra?,LOST,,8,16,24,32,8,American Walnut,2,5000,13700,2025-10-04,,,,On Time,0,0
535,435,Office Desk,We need a set of bespoke office desks for our startup in Richmond.,LOST,,6,12,18,24,6,American Walnut,2,5000,12150,2025-10-05,,,,On Time,0,0
536,436,Media Console,Requesting a quote for a minimalist media console for a St Kilda residence.,LOST,,7,14,21,28,7,Tasmanian Oak,2,2400,9025,2025-10-05,,,,On Time,0,0
537,437,Sideboard,We'd like a quote on a custom sideboard for our Hawthorn home.,LOST,,8,16,24,32,8,Victorian Ash,2,2800,10476.923076923078,2025-10-06,,,,On Time,0,0
538,438,Dining Table,I'm looking for a custom dining table for my new home in Fitzroy.,DELIVERED,,10,20,30,40,10,Victorian Ash,2,2800,12046.153846153848,2025-10-06,2025-10-26,2025-10-06,2025-10-28,On Time,0,0
539,439,Sideboard,We'd like a quote on a custom sideboard for our Hawthorn home.,LOST,,9,18,27,36,9,American Walnut,2,5000,14561.538461538461,2025-10-07,,,,On Time,0,0
540,440,Office Desk,We need a set of bespoke office desks for our startup in Richmond.,DELIVERED,,9,18,27,36,9,American Walnut,2,5000,14561.538461538461,2025-10-07,2025-10-25,2025-10-07,2025-10-29,On Time,0,0
541,441,Sideboard,We'd like a quote on a custom sideboard for our Hawthorn home.,DELIVERED,,8,16,24,32,8,Tasmanian Oak,2,2400,9876.923076923078,2025-10-08,2025-10-25,2025-10-08,2025-10-25,On Time,0,0
542,442,Dining Table,I'm looking for a custom dining table for my new home in Fitzroy.,LOST,,9,18,27,36,9,Tasmanian Oak,2,2400,10661.538461538461,2025-10-08,,,,On Time,0,0
543,443,Bookshelf,Can you create a handcrafted bookshelf for our apartment in South Yarra?,LOST,,7,14,21,28,7,Tasmanian Oak,2,2400,9092.307692307691,2025-10-09,,,,On Time,0,0
544,444,Dining Table,I'm looking for a custom dining table for my new home in Fitzroy.,LOST,,9,18,27,36,9,American Walnut,2,5000,14561.538461538461,2025-10-09,,,,On Time,0,0
545,445,Sideboard,We'd like a quote on a custom sideboard for our Hawthorn home.,LOST,,10,20,30,40,10,Tasmanian Oak,2,2400,11446.153846153848,2025-10-10,,,,On Time,0,0
546,446,Bookshelf,Can you create a handcrafted bookshelf for our apartment in South Yarra?,DELIVERED,,5,10,15,20,5,Tasmanian Oak,1,1200,5723.076923076924,2025-10-10,2025-10-22,2025-10-10,2025-10-25,On Time,0,0
547,447,Media Console,Requesting a quote for a minimalist media console for a St Kilda residence.,DELIVERED,,7,14,21,28,7,Victorian Ash,2,2800,9692.307692307691,2025-10-11,2025-10-25,2025-10-11,2025-10-28,On Time,0,0
548,448,Dining Table,I'm looking for a custom dining table for my new home in Fitzroy.,DELIVERED,,7,14,21,28,7,Tasmanian Oak,2,2400,9092.307692307691,2025-10-11,2025-10-29,2025-10-11,2025-10-28,Late,1,0.1
549,449,Media Console,Requesting a quote for a minimalist media console for a St Kilda residence.,DELIVERED,,5,10,15,20,5,Tasmanian Oak,1,1200,5723.076923076924,2025-10-12,2025-10-28,2025-10-12,2025-10-27,Late,1,0.1
550,450,Office Desk,We need a set of bespoke office desks for our startup in Richmond.,DELIVERED,,6,12,18,24,6,Victorian Ash,2,2800,8907.692307692309,2025-10-12,2025-10-30,2025-10-12,2025-10-28,Late,2,0.1
551,451,Office Desk,We need a set of bespoke office desks for our startup in Richmond.,DELIVERED,,9,18,27,36,9,Tasmanian Oak,2,2400,10661.538461538461,2025-10-13,2025-11-05,2025-10-13,2025-11-04,Late,1,0.1
552,452,Sideboard,We'd like a quote on a custom sideboard for our Hawthorn home.,DELIVERED,,10,20,30,40,10,American Walnut,2,5000,15346.153846153848,2025-10-13,2025-11-05,2025-10-13,2025-11-04,Late,1,0.1
553,453,Office Desk,We need a set of bespoke office desks for our startup in Richmond.,LOST,,9,18,27,36,9,American Walnut,2,5000,14561.538461538461,2025-10-14,,,,On Time,0,0
554,454,Media Console,Requesting a quote for a minimalist media console for a St Kilda residence.,LOST,,6,12,18,24,6,American Walnut,2,5000,12207.692307692309,2025-10-14,,,,On Time,0,0
555,455,Bookshelf,Can you create a handcrafted bookshelf for our apartment in South Yarra?,DELIVERED,,7,14,21,28,7,Victorian Ash,2,2800,9692.307692307691,2025-10-15,2025-11-03,2025-10-15,2025-11-01,Late,2,0.1
556,456,Bookshelf,Can you create a handcrafted bookshelf for our apartment in South Yarra?,DELIVERED,,6,12,18,24,6,Victorian Ash,2,2800,8907.692307692309,2025-10-15,2025-11-01,2025-10-15,2025-10-31,Late,1,0.1
557,457,Dining Table,I'm looking for a custom dining table for my new home in Fitzroy.,DELIVERED,,10,20,30,40,10,Tasmanian Oak,2,2400,11446.153846153848,2025-10-16,2025-11-07,2025-10-16,2025-11-07,On Time,0,0
558,458,Media Console,Requesting a quote for a minimalist media console for a St Kilda residence.,LOST,,6,12,18,24,6,American Walnut,2,5000,12207.692307692309,2025-10-16,,,,On Time,0,0
559,459,Sideboard,We'd like a quote on a custom sideboard for our Hawthorn home.,DELIVERED,,9,18,27,36,9,Victorian Ash,2,2800,11261.538461538461,2025-10-17,2025-11-09,2025-10-17,2025-11-08,Late,1,0.1
560,460,Dining Table,I'm looking for a custom dining table for my new home in Fitzroy.,LOST,,7,14,21,28,7,Tasmanian Oak,2,2400,9092.307692307691,2025-10-17,,,,On Time,0,0
561,461,Media Console,Requesting a quote for a minimalist media console for a St Kilda residence.,LOST,,7,14,21,28,7,Tasmanian Oak,2,2400,9092.307692307691,2025-10-18,,,,On Time,0,0
562,462,Dining Table,I'm looking for a custom dining table for my new home in Fitzroy.,LOST,,10,20,30,40,10,Tasmanian Oak,2,2400,11446.153846153848,2025-10-18,,,,On Time,0,0
563,463,Media Console,Requesting a quote for a minimalist media console for a St Kilda residence.,LOST,,4,8,12,16,4,Victorian Ash,1,1400,5238.461538461539,2025-10-19,,,,On Time,0,0
564,464,Media Console,Requesting a quote for a minimalist media console for a St Kilda residence.,LOST,,4,8,12,16,4,Victorian Ash,1,1400,5238.461538461539,2025-10-19,,,,On Time,0,0
565,465,Dining Table,I'm looking for a custom dining table for my new home in Fitzroy.,LOST,,7,14,21,28,7,Victorian Ash,2,2800,9692.307692307691,2025-10-20,,,,On Time,0,0
566,466,Dining Table,I'm looking for a custom dining table for my new home in Fitzroy.,LOST,,8,16,24,32,8,American Walnut,2,5000,13776.923076923078,2025-10-20,,,,On Time,0,0
567,467,Dining Table,I'm looking for a custom dining table for my new home in Fitzroy.,DELIVERED,,10,20,30,40,10,Victorian Ash,2,2800,12046.153846153848,2025-10-21,2025-11-09,2025-10-21,2025-11-12,On Time,0,0
568,468,Office Desk,We need a set of bespoke office desks for our startup in Richmond.,DELIVERED,,8,16,24,32,8,Tasmanian Oak,2,2400,9876.923076923078,2025-10-21,2025-11-08,2025-10-21,2025-11-07,Late,1,0.1
569,469,Sideboard,We'd like a quote on a custom sideboard for our Hawthorn home.,DELIVERED,,11,22,33,44,11,Tasmanian Oak,3,3600,14030.76923076923,2025-10-22,2025-11-15,2025-10-22,2025-11-15,On Time,0,0
570,470,Office Desk,We need a set of bespoke office desks for our startup in Richmond.,DELIVERED,,6,12,18,24,6,Tasmanian Oak,2,2400,8307.692307692309,2025-10-22,2025-11-10,2025-10-22,2025-11-07,Late,3,0.1
571,471,Office Desk,We need a set of bespoke office desks for our startup in Richmond.,LOST,,7,14,21,28,7,Victorian Ash,2,2800,9692.307692307691,2025-10-23,,,,On Time,0,0
572,472,Sideboard,We'd like a quote on a custom sideboard for our Hawthorn home.,LOST,,11,22,33,44,11,Tasmanian Oak,3,3600,14030.76923076923,2025-10-23,,,,On Time,0,0
573,473,Bookshelf,Can you create a handcrafted bookshelf for our apartment in South Yarra?,DELIVERED,,5,10,15,20,5,Tasmanian Oak,1,1200,5723.076923076924,2025-10-24,2025-11-12,2025-10-24,2025-11-08,Late,4,0.1
574,474,Media Console,Requesting a quote for a minimalist media console for a St Kilda residence.,DELIVERED,,4,8,12,16,4,Tasmanian Oak,1,1200,4938.461538461539,2025-10-24,2025-11-11,2025-10-24,2025-11-05,Late,6,0.1
575,475,Media Console,Requesting a quote for a minimalist media console for a St Kilda residence.,DELIVERED,,4,8,12,16,4,Victorian Ash,1,1400,5238.461538461539,2025-10-25,2025-11-12,2025-10-25,2025-11-06,Late,6,0.1
576,476,Dining Table,I'm looking for a custom dining table for my new home in Fitzroy.,LOST,,10,20,30,40,10,Tasmanian Oak,2,2400,11446.153846153848,2025-10-25,,,,On Time,0,0
577,477,Media Console,Requesting a quote for a minimalist media console for a St Kilda residence.,DELIVERED,,4,8,12,16,4,American Walnut,1,2500,6888.461538461539,2025-10-26,2025-11-13,2025-10-26,2025-11-07,Late,6,0.1
578,478,Bookshelf,Can you create a handcrafted bookshelf for our apartment in South Yarra?,LOST,,5,10,15,20,5,American Walnut,1,2500,7673.076923076924,2025-10-26,,,,On Time,0,0
579,479,Dining Table,I'm looking for a custom dining table for my new home in Fitzroy.,DELIVERED,,9,18,27,36,9,American Walnut,2,5000,14561.538461538461,2025-10-27,2025-11-21,2025-10-27,2025-11-18,Late,3,0.1
580,480,Office Desk,We need a set of bespoke office desks for our startup in Richmond.,LOST,,6,12,18,24,6,Victorian Ash,2,2800,8907.692307692309,2025-10-27,,,,On Time,0,0
581,481,Media Console,Requesting a quote for a minimalist media console for a St Kilda residence.,DELIVERED,,5,10,15,20,5,Victorian Ash,1,1400,6023.076923076924,2025-10-28,2025-11-16,2025-10-28,2025-11-12,Late,4,0.1
582,482,Dining Table,I'm looking for a custom dining table for my new home in Fitzroy.,DELIVERED,,9,18,27,36,9,American Walnut,2,5000,14561.538461538461,2025-10-28,2025-11-22,2025-10-28,2025-11-19,Late,3,0.1
583,483,Media Console,Requesting a quote for a minimalist media console for a St Kilda residence.,LOST,,4,8,12,16,4,American Walnut,1,2500,6888.461538461539,2025-10-29,,,,On Time,0,0
584,484,Media Console,Requesting a quote for a minimalist media console for a St Kilda residence.,DELIVERED,,6,12,18,24,6,American Walnut,2,5000,12207.692307692309,2025-10-29,2025-11-18,2025-10-29,2025-11-14,Late,4,0.1
585,485,Bookshelf,Can you create a handcrafted bookshelf for our apartment in South Yarra?,LOST,,7,14,21,28,7,American Walnut,2,5000,12992.307692307691,2025-10-30,,,,On Time,0,0
586,486,Media Console,Requesting a quote for a minimalist media console for a St Kilda residence.,LOST,,6,12,18,24,6,Tasmanian Oak,2,2400,8307.692307692309,2025-10-30,,,,On Time,0,0
587,487,Dining Table,I'm looking for a custom dining table for my new home in Fitzroy.,LOST,,7,14,21,28,7,American Walnut,2,5000,12992.307692307691,2025-10-31,,,,On Time,0,0
588,488,Media Console,Requesting a quote for a minimalist media console for a St Kilda residence.,DELIVERED,,6,12,18,24,6,American Walnut,2,5000,12207.692307692309,2025-11-01,2025-11-19,2025-11-01,2025-11-17,Late,2,0.1
589,489,Sideboard,We'd like a quote on a custom sideboard for our Hawthorn home.,LOST,,9,18,27,36,9,Victorian Ash,2,2800,11261.538461538461,2025-11-01,,,,On Time,0,0
590,490,Office Desk,We need a set of bespoke office desks for our startup in Richmond.,LOST,,9,18,27,36,9,Tasmanian Oak,2,2400,10661.538461538461,2025-11-02,,,,On Time,0,0
591,491,Dining Table,I'm looking for a custom dining table for my new home in Fitzroy.,DELIVERED,,8,16,24,32,8,Victorian Ash,2,2800,10476.923076923078,2025-11-02,2025-11-22,2025-11-02,2025-11-19,Late,3,0.1
592,492,Sideboard,We'd like a quote on a custom sideboard for our Hawthorn home.,DELIVERED,,11,22,33,44,11,Tasmanian Oak,3,3600,14030.76923076923,2025-11-03,2025-11-26,2025-11-03,2025-11-27,On Time,0,0
593,493,Office Desk,We need a set of bespoke office desks for our startup in Richmond.,LOST,,7,14,21,28,7,American Walnut,2,5000,12992.307692307691,2025-11-03,,,,On Time,0,0
594,494,Media Console,Requesting a quote for a minimalist media console for a St Kilda residence.,DELIVERED,,7,14,21,28,7,Tasmanian Oak,2,2400,9092.307692307691,2025-11-04,2025-11-26,2025-11-04,2025-11-21,Late,5,0.1
595,495,Media Console,Requesting a quote for a minimalist media console for a St Kilda residence.,LOST,,7,14,21,28,7,Tasmanian Oak,2,2400,9092.307692307691,2025-11-04,,,,On Time,0,0
596,496,Media Console,Requesting a quote for a minimalist media console for a St Kilda residence.,DELIVERED,,4,8,12,16,4,Tasmanian Oak,1,1200,4938.461538461539,2025-11-05,2025-11-21,2025-11-05,2025-11-17,Late,4,0.1
597,497,Sideboard,We'd like a quote on a custom sideboard for our Hawthorn home.,LOST,,11,22,33,44,11,American Walnut,3,7500,19880.76923076923,2025-11-05,,,,On Time,0,0
598,498,Office Desk,We need a set of bespoke office desks for our startup in Richmond.,DELIVERED,,6,12,18,24,6,American Walnut,2,5000,12207.692307692309,2025-11-06,2025-11-27,2025-11-06,2025-11-22,Late,5,0.1
599,499,Dining Table,I'm looking for a custom dining table for my new home in Fitzroy.,DELIVERED,,7,14,21,28,7,Tasmanian Oak,2,2400,9092.307692307691,2025-11-06,2025-11-30,2025-11-06,2025-11-23,Late,7,0.1
600,500,Bookshelf,Can you create a handcrafted bookshelf for our apartment in South Yarra?,LOST,,5,10,15,20,5,Tasmanian Oak,1,1200,5723.076923076924,2025-11-07,,,,On Time,0,0
601,501,Office Desk,We need a set of bespoke office desks for our startup in Richmond.,LOST,,9,18,27,36,9,Victorian Ash,2,2800,11261.538461538461,2025-11-08,,,,On Time,0,0
602,502,Bookshelf,Can you create a handcrafted bookshelf for our apartment in South Yarra?,LOST,,6,12,18,24,6,Victorian Ash,2,2800,8907.692307692309,2025-11-08,,,,On Time,0,0
603,503,Office Desk,We need a set of bespoke office desks for our startup in Richmond.,DELIVERED,,8,16,24,32,8,Tasmanian Oak,2,2400,9876.923076923078,2025-11-09,2025-11-30,2025-11-09,2025-11-26,Late,4,0.1
604,504,Dining Table,I'm looking for a custom dining table for my new home in Fitzroy.,DELIVERED,,9,18,27,36,9,Victorian Ash,2,2800,11261.538461538461,2025-11-09,2025-12-02,2025-11-09,2025-12-01,Late,1,0.1
605,505,Sideboard,We'd like a quote on a custom sideboard for our Hawthorn home.,LOST,,10,20,30,40,10,American Walnut,2,5000,15346.153846153848,2025-11-10,,,,On Time,0,0
606,506,Office Desk,We need a set of bespoke office desks for our startup in Richmond.,LOST,,7,14,21,28,7,American Walnut,2,5000,12992.307692307691,2025-11-10,,,,On Time,0,0
607,507,Office Desk,We need a set of bespoke office desks for our startup in Richmond.,LOST,,8,16,24,32,8,Tasmanian Oak,2,2400,9876.923076923078,2025-11-11,,,,On Time,0,0
608,508,Sideboard,We'd like a quote on a custom sideboard for our Hawthorn home.,LOST,,10,20,30,40,10,Victorian Ash,2,2800,12046.153846153848,2025-11-12,,,,On Time,0,0
609,509,Bookshelf,Can you create a handcrafted bookshelf for our apartment in South Yarra?,DELIVERED,,6,12,18,24,6,American Walnut,2,5000,12207.692307692309,2025-11-12,2025-11-30,2025-11-12,2025-11-28,Late,2,0.1
610,510,Media Console,Requesting a quote for a minimalist media console for a St Kilda residence.,LOST,,4,8,12,16,4,Victorian Ash,1,1400,5238.461538461539,2025-11-13,,,,On Time,0,0
611,511,Dining Table,I'm looking for a custom dining table for my new home in Fitzroy.,LOST,,10,20,30,40,10,Tasmanian Oak,2,2400,11446.153846153848,2025-11-13,,,,On Time,0,0
612,512,Bookshelf,Can you create a handcrafted bookshelf for our apartment in South Yarra?,LOST,,6,12,18,24,6,Tasmanian Oak,2,2400,8307.692307692309,2025-11-14,,,,On Time,0,0
613,513,Media Console,Requesting a quote for a minimalist media console for a St Kilda residence.,LOST,,6,12,18,24,6,Tasmanian Oak,2,2400,8307.692307692309,2025-11-14,,,,On Time,0,0
614,514,Bookshelf,Can you create a handcrafted bookshelf for our apartment in South Yarra?,LOST,,5,10,15,20,5,Tasmanian Oak,1,1200,5723.076923076924,2025-11-15,,,,On Time,0,0
615,515,Dining Table,I'm looking for a custom dining table for my new home in Fitzroy.,LOST,,7,14,21,28,7,American Walnut,2,5000,12992.307692307691,2025-11-15,,,,On Time,0,0
616,516,Bookshelf,Can you create a handcrafted bookshelf for our apartment in South Yarra?,LOST,,5,10,15,20,5,Victorian Ash,1,1400,6023.076923076924,2025-11-16,,,,On Time,0,0
617,517,Bookshelf,Can you create a handcrafted bookshelf for our apartment in South Yarra?,DELIVERED,,5,10,15,20,5,Tasmanian Oak,1,1200,5723.076923076924,2025-11-16,2025-11-29,2025-11-16,2025-12-01,On Time,0,0
618,518,Office Desk,We need a set of bespoke office desks for our startup in Richmond.,LOST,,7,14,21,28,7,Tasmanian Oak,2,2400,9092.307692307691,2025-11-17,,,,On Time,0,0
619,519,Dining Table,I'm looking for a custom dining table for my new home in Fitzroy.,LOST,,10,20,30,40,10,Tasmanian Oak,2,2400,11446.153846153848,2025-11-18,,,,On Time,0,0
620,520,Office Desk,We need a set of bespoke office desks for our startup in Richmond.,LOST,,6,12,18,24,6,Victorian Ash,2,2800,8907.692307692309,2025-11-19,,,,On Time,0,0
621,521,Sideboard,We'd like a quote on a custom sideboard for our Hawthorn home.,LOST,,8,16,24,32,8,Victorian Ash,2,2800,10476.923076923078,2025-11-20,,,,On Time,0,0
622,522,Dining Table,I'm looking for a custom dining table for my new home in Fitzroy.,DELIVERED,,9,18,27,36,9,Tasmanian Oak,2,2400,10661.538461538461,2025-11-20,2025-12-07,2025-11-20,2025-12-12,On Time,0,0
623,523,Media Console,Requesting a quote for a minimalist media console for a St Kilda residence.,LOST,,7,14,21,28,7,Tasmanian Oak,2,2400,9092.307692307691,2025-11-21,,,,On Time,0,0
624,524,Bookshelf,Can you create a handcrafted bookshelf for our apartment in South Yarra?,LOST,,7,14,21,28,7,Victorian Ash,2,2800,9692.307692307691,2025-11-22,,,,On Time,0,0
625,525,Bookshelf,Can you create a handcrafted bookshelf for our apartment in South Yarra?,LOST,,6,12,18,24,6,Victorian Ash,2,2800,8907.692307692309,2025-11-23,,,,On Time,0,0
626,526,Bookshelf,Can you create a handcrafted bookshelf for our apartment in South Yarra?,LOST,,7,14,21,28,7,Victorian Ash,2,2800,9692.307692307691,2025-11-24,,,,On Time,0,0
627,527,Sideboard,We'd like a quote on a custom sideboard for our Hawthorn home.,DELIVERED,,9,18,27,36,9,Victorian Ash,2,2800,11261.538461538461,2025-11-24,2025-12-08,2025-11-24,2025-12-16,On Time,0,0
628,528,Sideboard,We'd like a quote on a custom sideboard for our Hawthorn home.,LOST,,10,20,30,40,10,American Walnut,2,5000,15346.153846153848,2025-11-25,,,,On Time,0,0
629,529,Media Console,Requesting a quote for a minimalist media console for a St Kilda residence.,LOST,,4,8,12,16,4,American Walnut,1,2500,6888.461538461539,2025-11-26,,,,On Time,0,0
630,530,Sideboard,We'd like a quote on a custom sideboard for our Hawthorn home.,LOST,,8,16,24,32,8,American Walnut,2,5000,13776.923076923078,2025-11-26,,,,On Time,0,0
631,531,Bookshelf,Can you create a handcrafted bookshelf for our apartment in South Yarra?,LOST,,7,14,21,28,7,Victorian Ash,2,2800,9692.307692307691,2025-11-27,,,,On Time,0,0
632,532,Media Console,Requesting a quote for a minimalist media console for a St Kilda residence.,DELIVERED,,4,8,12,16,4,Tasmanian Oak,1,1200,4938.461538461539,2025-11-27,2025-12-04,2025-11-27,2025-12-09,On Time,0,0
633,533,Dining Table,I'm looking for a custom dining table for my new home in Fitzroy.,DELIVERED,,7,14,21,28,7,Victorian Ash,2,2800,9692.307692307691,2025-11-28,2025-12-09,2025-11-28,2025-12-15,On Time,0,0
634,534,Sideboard,We'd like a quote on a custom sideboard for our Hawthorn home.,LOST,,9,18,27,36,9,Victorian Ash,2,2800,11261.538461538461,2025-11-29,,,,On Time,0,0
635,535,Dining Table,I'm looking for a custom dining table for my new home in Fitzroy.,LOST,,8,16,24,32,8,American Walnut,2,5000,13776.923076923078,2025-11-29,,,,On Time,0,0
636,536,Media Console,Requesting a quote for a minimalist media console for a St Kilda residence.,LOST,,5,10,15,20,5,American Walnut,1,2500,7673.076923076924,2025-11-30,,,,On Time,0,0
637,537,Office Desk,We need a set of bespoke office desks for our startup in Richmond.,LOST,,8,16,24,32,8,Victorian Ash,2,2800,10476.923076923078,2025-12-01,,,,On Time,0,0
638,538,Bookshelf,Can you create a handcrafted bookshelf for our apartment in South Yarra?,LOST,,6,12,18,24,6,Tasmanian Oak,2,2400,8307.692307692309,2025-12-02,,,,On Time,0,0
639,539,Office Desk,We need a set of bespoke office desks for our startup in Richmond.,LOST,,8,16,24,32,8,Tasmanian Oak,2,2400,9876.923076923078,2025-12-03,,,,On Time,0,0
640,540,Office Desk,We need a set of bespoke office desks for our startup in Richmond.,LOST,,6,12,18,24,6,Victorian Ash,2,2800,8907.692307692309,2025-12-04,,,,On Time,0,0
641,541,Sideboard,We'd like a quote on a custom sideboard for our Hawthorn home.,LOST,,10,20,30,40,10,Tasmanian Oak,2,2400,11446.153846153848,2025-12-05,,,,On Time,0,0
642,542,Bookshelf,Can you create a handcrafted bookshelf for our apartment in South Yarra?,DELIVERED,,5,10,15,20,5,Victorian Ash,1,1400,6023.076923076924,2025-12-05,2025-12-13,2025-12-05,2025-12-20,On Time,0,0
643,543,Media Console,Requesting a quote for a minimalist media console for a St Kilda residence.,LOST,,4,8,12,16,4,Tasmanian Oak,1,1200,4938.461538461539,2025-12-06,,,,On Time,0,0
644,544,Bookshelf,Can you create a handcrafted bookshelf for our apartment in South Yarra?,DELIVERED,,7,14,21,28,7,Victorian Ash,2,2800,9692.307692307691,2025-12-07,2025-12-17,2025-12-07,2025-12-24,On Time,0,0
645,545,Office Desk,We need a set of bespoke office desks for our startup in Richmond.,LOST,,7,14,21,28,7,American Walnut,2,5000,12992.307692307691,2025-12-08,,,,On Time,0,0
646,546,Office Desk,We need a set of bespoke office desks for our startup in Richmond.,LOST,,9,18,27,36,9,Victorian Ash,2,2800,11261.538461538461,2025-12-09,,,,On Time,0,0
647,547,Media Console,Requesting a quote for a minimalist media console for a St Kilda residence.,DELIVERED,,7,14,21,28,7,Victorian Ash,2,2800,9692.307692307691,2025-12-09,2025-12-23,2025-12-09,2025-12-26,On Time,0,0
648,548,Sideboard,We'd like a quote on a custom sideboard for our Hawthorn home.,LOST,,8,16,24,32,8,Tasmanian Oak,2,2400,9876.923076923078,2025-12-10,,,,On Time,0,0
649,549,Bookshelf,Can you create a handcrafted bookshelf for our apartment in South Yarra?,DELIVERED,,7,14,21,28,7,Tasmanian Oak,2,2400,9092.307692307691,2025-12-11,2025-12-21,2025-12-11,2025-12-28,On Time,0,0
650,550,Office Desk,We need a set of bespoke office desks for our startup in Richmond.,LOST,,8,16,24,32,8,Tasmanian Oak,2,2400,9876.923076923078,2025-12-12,,,,On Time,0,0
651,551,Office Desk,We need a set of bespoke office desks for our startup in Richmond.,DELIVERED,,7,14,21,28,7,Tasmanian Oak,2,2400,9092.307692307691,2025-12-13,2025-12-24,2025-12-13,2025-12-30,On Time,0,0
652,552,Bookshelf,Can you create a handcrafted bookshelf for our apartment in South Yarra?,LOST,,5,10,15,20,5,Victorian Ash,1,1400,6023.076923076924,2025-12-13,,,,On Time,0,0
653,553,Office Desk,We need a set of bespoke office desks for our startup in Richmond.,LOST,,8,16,24,32,8,American Walnut,2,5000,13776.923076923078,2025-12-14,,,,On Time,0,0
654,554,Bookshelf,Can you create a handcrafted bookshelf for our apartment in South Yarra?,DELIVERED,,8,16,24,32,8,Victorian Ash,2,2800,10476.923076923078,2025-12-14,2025-12-27,2025-12-14,2025-12-31,On Time,0,0
655,555,Bookshelf,Can you create a handcrafted bookshelf for our apartment in South Yarra?,LOST,,5,10,15,20,5,Tasmanian Oak,1,1200,5723.076923076924,2025-12-15,,,,On Time,0,0
656,556,Media Console,Requesting a quote for a minimalist media console for a St Kilda residence.,LOST,,5,10,15,20,5,American Walnut,1,2500,7673.076923076924,2025-12-16,,,,On Time,0,0
657,557,Media Console,Requesting a quote for a minimalist media console for a St Kilda residence.,DELIVERED,,5,10,15,20,5,Victorian Ash,1,1400,6023.076923076924,2025-12-17,2025-12-27,2025-12-17,2026-01-01,On Time,0,0
658,558,Office Desk,We need a set of bespoke office desks for our startup in Richmond.,DELIVERED,,6,12,18,24,6,Tasmanian Oak,2,2400,8307.692307692309,2025-12-18,2025-12-27,2025-12-18,2026-01-03,On Time,0,0
659,559,Bookshelf,Can you create a handcrafted bookshelf for our apartment in South Yarra?,LOST,,6,12,18,24,6,Tasmanian Oak,2,2400,8307.692307692309,2025-12-19,,,,On Time,0,0
660,560,Media Console,Requesting a quote for a minimalist media console for a St Kilda residence.,DELIVERED,,5,10,15,20,5,Tasmanian Oak,1,1200,5723.076923076924,2025-12-19,2025-12-27,2025-12-19,2026-01-03,On Time,0,0
661,561,Bookshelf,Can you create a handcrafted bookshelf for our apartment in South Yarra?,DELIVERED,,8,16,24,32,8,Victorian Ash,2,2800,10476.923076923078,2025-12-20,2026-01-01,2025-12-20,2026-01-06,On Time,0,0
662,562,Dining Table,I'm looking for a custom dining table for my new home in Fitzroy.,DELIVERED,,9,18,27,36,9,American Walnut,2,5000,14561.538461538461,2025-12-21,2026-01-04,2025-12-21,2026-01-12,On Time,0,0
663,563,Bookshelf,Can you create a handcrafted bookshelf for our apartment in South Yarra?,LOST,,6,12,18,24,6,American Walnut,2,5000,12207.692307692309,2025-12-22,,,,On Time,0,0
664,564,Office Desk,We need a set of bespoke office desks for our startup in Richmond.,LOST,,9,18,27,36,9,American Walnut,2,5000,14561.538461538461,2025-12-23,,,,On Time,0,0
665,565,Sideboard,We'd like a quote on a custom sideboard for our Hawthorn home.,LOST,,9,18,27,36,9,American Walnut,2,5000,14561.538461538461,2025-12-23,,,,On Time,0,0
666,566,Dining Table,I'm looking for a custom dining table for my new home in Fitzroy.,LOST,,9,18,27,36,9,American Walnut,2,5000,14561.538461538461,2025-12-24,,,,On Time,0,0
667,567,Sideboard,We'd like a quote on a custom sideboard for our Hawthorn home.,LOST,,8,16,24,32,8,American Walnut,2,5000,13776.923076923078,2025-12-25,,,,On Time,0,0
668,568,Media Console,Requesting a quote for a minimalist media console for a St Kilda residence.,DELIVERED,,6,12,18,24,6,American Walnut,2,5000,12207.692307692309,2025-12-26,2026-01-04,2025-12-26,2026-01-11,On Time,0,0
669,569,Office Desk,We need a set of bespoke office desks for our startup in Richmond.,LOST,,6,12,18,24,6,American Walnut,2,5000,12207.692307692309,2025-12-27,,,,On Time,0,0
670,570,Bookshelf,Can you create a handcrafted bookshelf for our apartment in South Yarra?,LOST,,7,14,21,28,7,Victorian Ash,2,2800,9692.307692307691,2025-12-27,,,,On Time,0,0
671,571,Media Console,Requesting a quote for a minimalist media console for a St Kilda residence.,DELIVERED,,4,8,12,16,4,Tasmanian Oak,1,1200,4938.461538461539,2025-12-28,2026-01-03,2025-12-28,2026-01-09,On Time,0,0
672,572,Media Console,Requesting a quote for a minimalist media console for a St Kilda residence.,DELIVERED,,5,10,15,20,5,Tasmanian Oak,1,1200,5723.076923076924,2025-12-28,2026-01-07,2025-12-28,2026-01-12,On Time,0,0
673,573,Sideboard,We'd like a quote on a custom sideboard for our Hawthorn home.,LOST,,9,18,27,36,9,Victorian Ash,2,2800,11261.538461538461,2025-12-29,,,,On Time,0,0
674,574,Media Console,Requesting a quote for a minimalist media console for a St Kilda residence.,DELIVERED,,7,14,21,28,7,Tasmanian Oak,2,2400,9092.307692307691,2025-12-30,2026-01-10,2025-12-30,2026-01-16,On Time,0,0
675,575,Sideboard,We'd like a quote on a custom sideboard for our Hawthorn home.,LOST,,8,16,24,32,8,Tasmanian Oak,2,2400,9876.923076923078,2025-12-30,,,,On Time,0,0
676,576,Dining Table,I'm looking for a custom dining table for my new home in Fitzroy.,DELIVERED,,7,14,21,28,7,American Walnut,2,5000,12992.307692307691,2025-12-31,2026-01-16,2025-12-31,2026-01-17,On Time,0,0
677,577,Media Console,Requesting a quote for a minimalist media console for a St Kilda residence.,LOST,,6,12,18,24,6,American Walnut,2,5000,12207.692307692309,2025-12-31,,,,On Time,0,0
678,578,Dining Table,I'm looking for a custom dining table for my new home in Fitzroy.,LOST,,10,20,30,40,10,Tasmanian Oak,2,2400,11446.153846153848,2026-01-01,,,,On Time,0,0
679,579,Office Desk,We need a set of bespoke office desks for our startup in Richmond.,DELIVERED,,7,14,21,28,7,American Walnut,2,5000,12992.307692307691,2026-01-02,2026-01-13,2026-01-02,2026-01-19,On Time,0,0
680,580,Media Console,Requesting a quote for a minimalist media console for a St Kilda residence.,DELIVERED,,7,14,21,28,7,Tasmanian Oak,2,2400,9092.307692307691,2026-01-03,2026-01-13,2026-01-03,2026-01-20,On Time,0,0
681,581,Dining Table,I'm looking for a custom dining table for my new home in Fitzroy.,LOST,,9,18,27,36,9,Tasmanian Oak,2,2400,10661.538461538461,2026-01-04,,,,On Time,0,0
682,582,Dining Table,I'm looking for a custom dining table for my new home in Fitzroy.,LOST,,7,14,21,28,7,Tasmanian Oak,2,2400,9092.307692307691,2026-01-04,,,,On Time,0,0
683,583,Media Console,Requesting a quote for a minimalist media console for a St Kilda residence.,LOST,,4,8,12,16,4,Tasmanian Oak,1,1200,4938.461538461539,2026-01-05,,,,On Time,0,0
684,584,Office Desk,We need a set of bespoke office desks for our startup in Richmond.,DELIVERED,,8,16,24,32,8,American Walnut,2,5000,13776.923076923078,2026-01-05,2026-01-17,2026-01-05,2026-01-22,On Time,0,0
685,585,Sideboard,We'd like a quote on a custom sideboard for our Hawthorn home.,LOST,,10,20,30,40,10,Victorian Ash,2,2800,12046.153846153848,2026-01-06,,,,On Time,0,0
686,586,Office Desk,We need a set of bespoke office desks for our startup in Richmond.,DELIVERED,,9,18,27,36,9,American Walnut,2,5000,14561.538461538461,2026-01-06,2026-01-21,2026-01-06,2026-01-28,On Time,0,0
687,587,Sideboard,We'd like a quote on a custom sideboard for our Hawthorn home.,LOST,,11,22,33,44,11,Victorian Ash,3,4200,14930.76923076923,2026-01-07,,,,On Time,0,0
688,588,Sideboard,We'd like a quote on a custom sideboard for our Hawthorn home.,LOST,,11,22,33,44,11,Victorian Ash,3,4200,14930.76923076923,2026-01-07,,,,On Time,0,0
689,589,Sideboard,We'd like a quote on a custom sideboard for our Hawthorn home.,LOST,,9,18,27,36,9,Tasmanian Oak,2,2400,10661.538461538461,2026-01-08,,,,On Time,0,0
690,590,Dining Table,I'm looking for a custom dining table for my new home in Fitzroy.,LOST,,9,18,27,36,9,Tasmanian Oak,2,2400,10661.538461538461,2026-01-09,,,,On Time,0,0
691,591,Sideboard,We'd like a quote on a custom sideboard for our Hawthorn home.,DELIVERED,,9,18,27,36,9,Tasmanian Oak,2,2400,10661.538461538461,2026-01-10,2026-01-24,2026-01-10,2026-02-01,On Time,0,0
692,592,Media Console,Requesting a quote for a minimalist media console for a St Kilda residence.,DELIVERED,,4,8,12,16,4,Victorian Ash,1,1400,5238.461538461539,2026-01-11,2026-01-18,2026-01-11,2026-01-23,On Time,0,0
693,593,Media Console,Requesting a quote for a minimalist media console for a St Kilda residence.,LOST,,5,10,15,20,5,American Walnut,1,2500,7673.076923076924,2026-01-11,,,,On Time,0,0
694,594,Sideboard,We'd like a quote on a custom sideboard for our Hawthorn home.,LOST,,9,18,27,36,9,Tasmanian Oak,2,2400,10661.538461538461,2026-01-12,,,,On Time,0,0
695,595,Dining Table,I'm looking for a custom dining table for my new home in Fitzroy.,DELIVERED,,10,20,30,40,10,Victorian Ash,2,2800,12046.153846153848,2026-01-13,2026-01-28,2026-01-13,2026-02-04,On Time,0,0
696,596,Media Console,Requesting a quote for a minimalist media console for a St Kilda residence.,LOST,,4,8,12,16,4,American Walnut,1,2500,6888.461538461539,2026-01-13,,,,On Time,0,0
697,597,Office Desk,We need a set of bespoke office desks for our startup in Richmond.,LOST,,7,14,21,28,7,Victorian Ash,2,2800,9692.307692307691,2026-01-14,,,,On Time,0,0
698,598,Bookshelf,Can you create a handcrafted bookshelf for our apartment in South Yarra?,LOST,,8,16,24,32,8,Tasmanian Oak,2,2400,9876.923076923078,2026-01-14,,,,On Time,0,0
699,599,Media Console,Requesting a quote for a minimalist media console for a St Kilda residence.,LOST,,7,14,21,28,7,American Walnut,2,5000,12992.307692307691,2026-01-15,,,,On Time,0,0
700,600,Dining Table,I'm looking for a custom dining table for my new home in Fitzroy.,LOST,,10,20,30,40,10,American Walnut,2,5000,15346.153846153848,2026-01-16,,,,On Time,0,0
701,601,Sideboard,We'd like a quote on a custom sideboard for our Hawthorn home.,DELIVERED,,11,22,33,44,11,American Walnut,3,7500,19880.76923076923,2026-01-16,2026-02-06,2026-01-16,2026-02-09,On Time,0,0
702,602,Bookshelf,Can you create a handcrafted bookshelf for our apartment in South Yarra?,LOST,,5,10,15,20,5,American Walnut,1,2500,7673.076923076924,2026-01-17,,,,On Time,0,0
703,603,Bookshelf,Can you create a handcrafted bookshelf for our apartment in South Yarra?,LOST,,7,14,21,28,7,American Walnut,2,5000,12992.307692307691,2026-01-18,,,,On Time,0,0
704,604,Bookshelf,Can you create a handcrafted bookshelf for our apartment in South Yarra?,LOST,,7,14,21,28,7,American Walnut,2,5000,12992.307692307691,2026-01-19,,,,On Time,0,0
705,605,Dining Table,I'm looking for a custom dining table for my new home in Fitzroy.,LOST,,8,16,24,32,8,American Walnut,2,5000,13776.923076923078,2026-01-19,,,,On Time,0,0
706,606,Dining Table,I'm looking for a custom dining table for my new home in Fitzroy.,LOST,,9,18,27,36,9,American Walnut,2,5000,14700,2026-01-20,,,,On Time,0,0
707,607,Office Desk,We need a set of bespoke office desks for our startup in Richmond.,DELIVERED,,7,14,21,28,7,Tasmanian Oak,2,2400,9200,2026-01-20,2026-02-01,2026-01-20,2026-02-06,On Time,0,0
708,608,Media Console,Requesting a quote for a minimalist media console for a St Kilda residence.,LOST,,5,10,15,20,5,Tasmanian Oak,1,1200,5800,2026-01-21,,,,On Time,0,0
709,609,Sideboard,We'd like a quote on a custom sideboard for our Hawthorn home.,DELIVERED,,10,20,30,40,10,Victorian Ash,2,2800,12200,2026-01-22,2026-02-11,2026-01-22,2026-02-13,On Time,0,0
710,610,Sideboard,We'd like a quote on a custom sideboard for our Hawthorn home.,LOST,,11,22,33,44,11,Victorian Ash,3,4200,15100,2026-01-23,,,,On Time,0,0
711,611,Office Desk,We need a set of bespoke office desks for our startup in Richmond.,DELIVERED,,6,12,18,24,6,Tasmanian Oak,2,2400,8400,2026-01-23,2026-02-01,2026-01-23,2026-02-08,On Time,0,0
712,612,Office Desk,We need a set of bespoke office desks for our startup in Richmond.,LOST,,9,18,27,36,9,Tasmanian Oak,2,2400,10800,2026-01-24,,,,On Time,0,0
713,613,Media Console,Requesting a quote for a minimalist media console for a St Kilda residence.,DELIVERED,,7,14,21,28,7,Victorian Ash,2,2800,9800,2026-01-25,2026-02-07,2026-01-25,2026-02-11,On Time,0,0
714,614,Media Console,Requesting a quote for a minimalist media console for a St Kilda residence.,LOST,,6,12,18,24,6,Victorian Ash,2,2800,9000,2026-01-26,,,,On Time,0,0
715,615,Bookshelf,Can you create a handcrafted bookshelf for our apartment in South Yarra?,LOST,,6,12,18,24,6,Victorian Ash,2,2800,9000,2026-01-26,,,,On Time,0,0
716,616,Sideboard,We'd like a quote on a custom sideboard for our Hawthorn home.,LOST,,9,18,27,36,9,American Walnut,2,5000,14700,2026-01-27,,,,On Time,0,0
717,617,Bookshelf,Can you create a handcrafted bookshelf for our apartment in South Yarra?,LOST,,7,14,21,28,7,American Walnut,2,5000,13100,2026-01-27,,,,On Time,0,0
718,618,Office Desk,We need a set of bespoke office desks for our startup in Richmond.,LOST,,6,12,18,24,6,American Walnut,2,5000,12300,2026-01-28,,,,On Time,0,0
719,619,Media Console,Requesting a quote for a minimalist media console for a St Kilda residence.,DELIVERED,,6,12,18,24,6,American Walnut,2,5000,12300,2026-01-28,2026-02-08,2026-01-28,2026-02-13,On Time,0,0
720,620,Office Desk,We need a set of bespoke office desks for our startup in Richmond.,LOST,,7,14,21,28,7,Tasmanian Oak,2,2400,9200,2026-01-29,,,,On Time,0,0
721,621,Dining Table,I'm looking for a custom dining table for my new home in Fitzroy.,DELIVERED,,7,14,21,28,7,Victorian Ash,2,2800,9800,2026-01-29,2026-02-14,2026-01-29,2026-02-15,On Time,0,0
722,622,Office Desk,We need a set of bespoke office desks for our startup in Richmond.,DELIVERED,,9,18,27,36,9,Victorian Ash,2,2800,11261.538461538461,2026-01-30,2026-02-13,2026-01-30,2026-02-21,On Time,0,0
723,623,Sideboard,We'd like a quote on a custom sideboard for our Hawthorn home.,DELIVERED,,8,16,24,32,8,American Walnut,2,5000,13776.923076923078,2026-01-31,2026-02-12,2026-01-31,2026-02-17,On Time,0,0
724,624,Sideboard,We'd like a quote on a custom sideboard for our Hawthorn home.,LOST,,9,18,27,36,9,Tasmanian Oak,2,2400,10661.538461538461,2026-02-01,,,,On Time,0,0
725,625,Office Desk,We need a set of bespoke office desks for our startup in Richmond.,LOST,,9,18,27,36,9,American Walnut,2,5000,14561.538461538461,2026-02-02,,,,On Time,0,0
726,626,Bookshelf,Can you create a handcrafted bookshelf for our apartment in South Yarra?,LOST,,7,14,21,28,7,Tasmanian Oak,2,2400,9092.307692307691,2026-02-03,,,,On Time,0,0
727,627,Bookshelf,Can you create a handcrafted bookshelf for our apartment in South Yarra?,DELIVERED,,6,12,18,24,6,Tasmanian Oak,2,2400,8307.692307692309,2026-02-04,2026-02-13,2026-02-04,2026-02-20,On Time,0,0
728,628,Bookshelf,Can you create a handcrafted bookshelf for our apartment in South Yarra?,DELIVERED,,8,16,24,32,8,Victorian Ash,2,2800,10476.923076923078,2026-02-05,2026-02-16,2026-02-05,2026-02-22,On Time,0,0
729,629,Media Console,Requesting a quote for a minimalist media console for a St Kilda residence.,LOST,,5,10,15,20,5,Victorian Ash,1,1400,6023.076923076924,2026-02-05,,,,On Time,0,0
730,630,Bookshelf,Can you create a handcrafted bookshelf for our apartment in South Yarra?,DELIVERED,,5,10,15,20,5,Tasmanian Oak,1,1200,5723.076923076924,2026-02-06,2026-02-16,2026-02-06,2026-02-21,On Time,0,0
731,631,Dining Table,I'm looking for a custom dining table for my new home in Fitzroy.,LOST,,7,14,21,28,7,Victorian Ash,2,2800,9692.307692307691,2026-02-07,,,,On Time,0,0
732,632,Office Desk,We need a set of bespoke office desks for our startup in Richmond.,DELIVERED,,9,18,27,36,9,American Walnut,2,5000,14561.538461538461,2026-02-08,2026-02-23,2026-02-08,2026-03-02,On Time,0,0
733,633,Office Desk,We need a set of bespoke office desks for our startup in Richmond.,LOST,,6,12,18,24,6,Victorian Ash,2,2800,8907.692307692309,2026-02-08,,,,On Time,0,0
734,634,Office Desk,We need a set of bespoke office desks for our startup in Richmond.,DELIVERED,,9,18,27,36,9,Tasmanian Oak,2,2400,10661.538461538461,2026-02-09,2026-02-23,2026-02-09,2026-03-03,On Time,0,0
735,635,Office Desk,We need a set of bespoke office desks for our startup in Richmond.,LOST,,7,14,21,28,7,Tasmanian Oak,2,2400,9092.307692307691,2026-02-10,,,,On Time,0,0
736,636,Bookshelf,Can you create a handcrafted bookshelf for our apartment in South Yarra?,DELIVERED,,7,14,21,28,7,Tasmanian Oak,2,2400,9092.307692307691,2026-02-11,2026-02-22,2026-02-11,2026-02-28,On Time,0,0
737,637,Office Desk,We need a set of bespoke office desks for our startup in Richmond.,DELIVERED,,6,12,18,24,6,Victorian Ash,2,2800,8907.692307692309,2026-02-11,2026-02-21,2026-02-11,2026-02-27,On Time,0,0
738,638,Office Desk,We need a set of bespoke office desks for our startup in Richmond.,DELIVERED,,8,16,24,32,8,Victorian Ash,2,2800,10476.923076923078,2026-02-12,2026-02-23,2026-02-12,2026-03-01,On Time,0,0
739,639,Media Console,Requesting a quote for a minimalist media console for a St Kilda residence.,LOST,,7,14,21,28,7,Victorian Ash,2,2800,9692.307692307691,2026-02-13,,,,On Time,0,0
740,640,Bookshelf,Can you create a handcrafted bookshelf for our apartment in South Yarra?,DELIVERED,,5,10,15,20,5,Tasmanian Oak,1,1200,5723.076923076924,2026-02-14,2026-02-24,2026-02-14,2026-03-01,On Time,0,0
741,641,Sideboard,We'd like a quote on a custom sideboard for our Hawthorn home.,LOST,,9,18,27,36,9,Victorian Ash,2,2800,11261.538461538461,2026-02-15,,,,On Time,0,0
742,642,Bookshelf,Can you create a handcrafted bookshelf for our apartment in South Yarra?,LOST,,5,10,15,20,5,Victorian Ash,1,1400,6023.076923076924,2026-02-16,,,,On Time,0,0
743,643,Media Console,Requesting a quote for a minimalist media console for a St Kilda residence.,DELIVERED,,7,14,21,28,7,American Walnut,2,5000,12992.307692307691,2026-02-17,2026-02-27,2026-02-17,2026-03-06,On Time,0,0
744,644,Media Console,Requesting a quote for a minimalist media console for a St Kilda residence.,LOST,,4,8,12,16,4,American Walnut,1,2500,6888.461538461539,2026-02-18,,,,On Time,0,0
745,645,Sideboard,We'd like a quote on a custom sideboard for our Hawthorn home.,LOST,,11,22,33,44,11,Tasmanian Oak,3,3600,14030.76923076923,2026-02-19,,,,On Time,0,0
746,646,Bookshelf,Can you create a handcrafted bookshelf for our apartment in South Yarra?,DELIVERED,,7,14,21,28,7,Victorian Ash,2,2800,9692.307692307691,2026-02-19,2026-03-02,2026-02-19,2026-03-08,On Time,0,0
747,647,Sideboard,We'd like a quote on a custom sideboard for our Hawthorn home.,LOST,,9,18,27,36,9,Tasmanian Oak,2,2400,10661.538461538461,2026-02-20,,,,On Time,0,0
748,648,Sideboard,We'd like a quote on a custom sideboard for our Hawthorn home.,DELIVERED,,11,22,33,44,11,American Walnut,3,7500,19880.76923076923,2026-02-20,2026-03-08,2026-02-20,2026-03-16,On Time,0,0
749,649,Office Desk,We need a set of bespoke office desks for our startup in Richmond.,LOST,,7,14,21,28,7,Victorian Ash,2,2800,9692.307692307691,2026-02-21,,,,On Time,0,0
750,650,Bookshelf,Can you create a handcrafted bookshelf for our apartment in South Yarra?,LOST,,8,16,24,32,8,Victorian Ash,2,2800,10476.923076923078,2026-02-22,,,,On Time,0,0
751,651,Dining Table,I'm looking for a custom dining table for my new home in Fitzroy.,LOST,,9,18,27,36,9,Victorian Ash,2,2800,11261.538461538461,2026-02-23,,,,On Time,0,0
752,652,Media Console,Requesting a quote for a minimalist media console for a St Kilda residence.,LOST,,7,14,21,28,7,Victorian Ash,2,2800,9692.307692307691,2026-02-24,,,,On Time,0,0
753,653,Media Console,Requesting a quote for a minimalist media console for a St Kilda residence.,DELIVERED,,5,10,15,20,5,American Walnut,1,2500,7673.076923076924,2026-02-24,2026-03-06,2026-02-24,2026-03-11,On Time,0,0
754,654,Bookshelf,Can you create a handcrafted bookshelf for our apartment in South Yarra?,LOST,,7,14,21,28,7,American Walnut,2,5000,12992.307692307691,2026-02-25,,,,On Time,0,0
755,655,Sideboard,We'd like a quote on a custom sideboard for our Hawthorn home.,DELIVERED,,10,20,30,40,10,Victorian Ash,2,2800,12046.153846153848,2026-02-25,2026-03-11,2026-02-25,2026-03-19,On Time,0,0
756,656,Sideboard,We'd like a quote on a custom sideboard for our Hawthorn home.,DELIVERED,,11,22,33,44,11,American Walnut,3,7500,19880.76923076923,2026-02-26,2026-03-15,2026-02-26,2026-03-22,On Time,0,0
757,657,Office Desk,We need a set of bespoke office desks for our startup in Richmond.,LOST,,9,18,27,36,9,Victorian Ash,2,2800,11261.538461538461,2026-02-26,,,,On Time,0,0
758,658,Sideboard,We'd like a quote on a custom sideboard for our Hawthorn home.,DELIVERED,,10,20,30,40,10,Tasmanian Oak,2,2400,11446.153846153848,2026-02-27,2026-03-16,2026-02-27,2026-03-21,On Time,0,0
759,659,Office Desk,We need a set of bespoke office desks for our startup in Richmond.,LOST,,6,12,18,24,6,Victorian Ash,2,2800,8907.692307692309,2026-02-27,,,,On Time,0,0
760,660,Office Desk,We need a set of bespoke office desks for our startup in Richmond.,LOST,,6,12,18,24,6,Tasmanian Oak,2,2400,8307.692307692309,2026-02-28,,,,On Time,0,0
761,661,Sideboard,We'd like a quote on a custom sideboard for our Hawthorn home.,LOST,,11,22,33,44,11,American Walnut,3,7500,19880.76923076923,2026-03-01,,,,On Time,0,0
762,662,Media Console,Requesting a quote for a minimalist media console for a St Kilda residence.,DELIVERED,,5,10,15,20,5,American Walnut,1,2500,7673.076923076924,2026-03-01,2026-03-11,2026-03-01,2026-03-16,On Time,0,0
763,663,Dining Table,I'm looking for a custom dining table for my new home in Fitzroy.,LOST,,10,20,30,40,10,Victorian Ash,2,2800,12046.153846153848,2026-03-02,,,,On Time,0,0
764,664,Sideboard,We'd like a quote on a custom sideboard for our Hawthorn home.,LOST,,9,18,27,36,9,Tasmanian Oak,2,2400,10661.538461538461,2026-03-02,,,,On Time,0,0
765,665,Media Console,Requesting a quote for a minimalist media console for a St Kilda residence.,LOST,,6,12,18,24,6,American Walnut,2,5000,12207.692307692309,2026-03-03,,,,On Time,0,0
766,666,Office Desk,We need a set of bespoke office desks for our startup in Richmond.,LOST,,9,18,27,36,9,Victorian Ash,2,2800,11261.538461538461,2026-03-04,,,,On Time,0,0
767,667,Bookshelf,Can you create a handcrafted bookshelf for our apartment in South Yarra?,DELIVERED,,8,16,24,32,8,Tasmanian Oak,2,2400,9876.923076923078,2026-03-04,2026-03-16,2026-03-04,2026-03-21,On Time,0,0
768,668,Sideboard,We'd like a quote on a custom sideboard for our Hawthorn home.,DELIVERED,,8,16,24,32,8,Victorian Ash,2,2800,10476.923076923078,2026-03-05,2026-03-16,2026-03-05,2026-03-22,On Time,0,0
769,669,Media Console,Requesting a quote for a minimalist media console for a St Kilda residence.,LOST,,7,14,21,28,7,Victorian Ash,2,2800,9692.307692307691,2026-03-05,,,,On Time,0,0
770,670,Dining Table,I'm looking for a custom dining table for my new home in Fitzroy.,LOST,,10,20,30,40,10,American Walnut,2,5000,15346.153846153848,2026-03-06,,,,On Time,0,0
771,671,Dining Table,I'm looking for a custom dining table for my new home in Fitzroy.,LOST,,10,20,30,40,10,Tasmanian Oak,2,2400,11446.153846153848,2026-03-06,,,,On Time,0,0
772,672,Dining Table,I'm looking for a custom dining table for my new home in Fitzroy.,DELIVERED,,7,14,21,28,7,Victorian Ash,2,2800,9692.307692307691,2026-03-07,2026-03-17,2026-03-07,2026-03-24,On Time,0,0
773,673,Office Desk,We need a set of bespoke office desks for our startup in Richmond.,LOST,,6,12,18,24,6,Victorian Ash,2,2800,8907.692307692309,2026-03-07,,,,On Time,0,0
774,674,Office Desk,We need a set of bespoke office desks for our startup in Richmond.,LOST,,9,18,27,36,9,Tasmanian Oak,2,2400,10661.538461538461,2026-03-08,,,,On Time,0,0
775,675,Sideboard,We'd like a quote on a custom sideboard for our Hawthorn home.,LOST,,8,16,24,32,8,Tasmanian Oak,2,2400,9876.923076923078,2026-03-08,,,,On Time,0,0
776,676,Sideboard,We'd like a quote on a custom sideboard for our Hawthorn home.,LOST,,11,22,33,44,11,American Walnut,3,7500,19880.76923076923,2026-03-09,,,,On Time,0,0
777,677,Bookshelf,Can you create a handcrafted bookshelf for our apartment in South Yarra?,LOST,,6,12,18,24,6,Victorian Ash,2,2800,8907.692307692309,2026-03-10,,,,On Time,0,0
778,678,Sideboard,We'd like a quote on a custom sideboard for our Hawthorn home.,LOST,,10,20,30,40,10,Victorian Ash,2,2800,12046.153846153848,2026-03-10,,,,On Time,0,0
779,679,Office Desk,We need a set of bespoke office desks for our startup in Richmond.,LOST,,8,16,24,32,8,American Walnut,2,5000,13776.923076923078,2026-03-11,,,,On Time,0,0
780,680,Bookshelf,Can you create a handcrafted bookshelf for our apartment in South Yarra?,LOST,,7,14,21,28,7,American Walnut,2,5000,12992.307692307691,2026-03-11,,,,On Time,0,0
781,681,Media Console,Requesting a quote for a minimalist media console for a St Kilda residence.,LOST,,7,14,21,28,7,Tasmanian Oak,2,2400,9092.307692307691,2026-03-12,,,,On Time,0,0
782,682,Office Desk,We need a set of bespoke office desks for our startup in Richmond.,DELIVERED,,8,16,24,32,8,Victorian Ash,2,2800,10476.923076923078,2026-03-12,2026-03-23,2026-03-12,2026-03-29,On Time,0,0
783,683,Media Console,Requesting a quote for a minimalist media console for a St Kilda residence.,DELIVERED,,4,8,12,16,4,Tasmanian Oak,1,1200,4938.461538461539,2026-03-13,2026-03-19,2026-03-13,2026-03-25,On Time,0,0
784,684,Bookshelf,Can you create a handcrafted bookshelf for our apartment in South Yarra?,LOST,,5,10,15,20,5,Victorian Ash,1,1400,6023.076923076924,2026-03-14,,,,On Time,0,0
785,685,Dining Table,I'm looking for a custom dining table for my new home in Fitzroy.,LOST,,8,16,24,32,8,Victorian Ash,2,2800,10476.923076923078,2026-03-14,,,,On Time,0,0
786,686,Sideboard,We'd like a quote on a custom sideboard for our Hawthorn home.,DELIVERED,,11,22,33,44,11,Victorian Ash,3,4200,14930.76923076923,2026-03-15,2026-03-31,2026-03-15,2026-04-08,On Time,0,0
787,687,Office Desk,We need a set of bespoke office desks for our startup in Richmond.,LOST,,9,18,27,36,9,Victorian Ash,2,2800,11261.538461538461,2026-03-15,,,,On Time,0,0
788,688,Sideboard,We'd like a quote on a custom sideboard for our Hawthorn home.,DELIVERED,,10,20,30,40,10,American Walnut,2,5000,15346.153846153848,2026-03-16,2026-03-30,2026-03-16,2026-04-07,On Time,0,0
789,689,Sideboard,We'd like a quote on a custom sideboard for our Hawthorn home.,DELIVERED,,11,22,33,44,11,Tasmanian Oak,3,3600,14030.76923076923,2026-03-16,2026-04-03,2026-03-16,2026-04-09,On Time,0,0
790,690,Media Console,Requesting a quote for a minimalist media console for a St Kilda residence.,LOST,,7,14,21,28,7,Victorian Ash,2,2800,9692.307692307691,2026-03-17,,,,On Time,0,0
791,691,Sideboard,We'd like a quote on a custom sideboard for our Hawthorn home.,LOST,,8,16,24,32,8,American Walnut,2,5000,13776.923076923078,2026-03-17,,,,On Time,0,0
792,692,Sideboard,We'd like a quote on a custom sideboard for our Hawthorn home.,DELIVERED,,11,22,33,44,11,Victorian Ash,3,4200,14930.76923076923,2026-03-18,2026-04-05,2026-03-18,2026-04-11,On Time,0,0
793,693,Sideboard,We'd like a quote on a custom sideboard for our Hawthorn home.,LOST,,10,20,30,40,10,Tasmanian Oak,2,2400,11446.153846153848,2026-03-18,,,,On Time,0,0
794,694,Office Desk,We need a set of bespoke office desks for our startup in Richmond.,DELIVERED,,8,16,24,32,8,Victorian Ash,2,2800,10476.923076923078,2026-03-19,2026-03-31,2026-03-19,2026-04-05,On Time,0,0
795,695,Bookshelf,Can you create a handcrafted bookshelf for our apartment in South Yarra?,LOST,,8,16,24,32,8,Victorian Ash,2,2800,10476.923076923078,2026-03-19,,,,On Time,0,0
796,696,Sideboard,We'd like a quote on a custom sideboard for our Hawthorn home.,DELIVERED,,8,16,24,32,8,Tasmanian Oak,2,2400,9876.923076923078,2026-03-20,2026-04-01,2026-03-20,2026-04-06,On Time,0,0
797,697,Dining Table,I'm looking for a custom dining table for my new home in Fitzroy.,LOST,,9,18,27,36,9,American Walnut,2,5000,14561.538461538461,2026-03-21,,,,On Time,0,0
798,698,Media Console,Requesting a quote for a minimalist media console for a St Kilda residence.,LOST,,7,14,21,28,7,American Walnut,2,5000,12992.307692307691,2026-03-21,,,,On Time,0,0
799,699,Dining Table,I'm looking for a custom dining table for my new home in Fitzroy.,DELIVERED,,8,16,24,32,8,American Walnut,2,5000,13776.923076923078,2026-03-22,2026-04-06,2026-03-22,2026-04-08,On Time,0,0
800,700,Office Desk,We need a set of bespoke office desks for our startup in Richmond.,LOST,,9,18,27,36,9,American Walnut,2,5000,14561.538461538461,2026-03-22,,,,On Time,0,0
801,701,Dining Table,I'm looking for a custom dining table for my new home in Fitzroy.,DELIVERED,,10,20,30,40,10,Victorian Ash,2,2800,12046.153846153848,2026-03-23,2026-04-06,2026-03-23,2026-04-14,On Time,0,0
802,702,Dining Table,I'm looking for a custom dining table for my new home in Fitzroy.,DELIVERED,,7,14,21,28,7,Tasmanian Oak,2,2400,9092.307692307691,2026-03-23,2026-04-08,2026-03-23,2026-04-09,On Time,0,0
803,703,Sideboard,We'd like a quote on a custom sideboard for our Hawthorn home.,DELIVERED,,10,20,30,40,10,Victorian Ash,2,2800,12046.153846153848,2026-03-24,2026-04-15,2026-03-24,2026-04-15,On Time,0,0
804,704,Office Desk,We need a set of bespoke office desks for our startup in Richmond.,DELIVERED,,7,14,21,28,7,Tasmanian Oak,2,2400,9092.307692307691,2026-03-24,2026-04-09,2026-03-24,2026-04-10,On Time,0,0
805,705,Media Console,Requesting a quote for a minimalist media console for a St Kilda residence.,LOST,,4,8,12,16,4,American Walnut,1,2500,6888.461538461539,2026-03-25,,,,On Time,0,0
806,706,Bookshelf,Can you create a handcrafted bookshelf for our apartment in South Yarra?,DELIVERED,,6,12,18,24,6,American Walnut,2,5000,12207.692307692309,2026-03-25,2026-04-10,2026-03-25,2026-04-10,On Time,0,0
807,707,Bookshelf,Can you create a handcrafted bookshelf for our apartment in South Yarra?,DELIVERED,,6,12,18,24,6,Tasmanian Oak,2,2400,8307.692307692309,2026-03-26,2026-04-11,2026-03-26,2026-04-11,On Time,0,0
808,708,Sideboard,We'd like a quote on a custom sideboard for our Hawthorn home.,LOST,,11,22,33,44,11,American Walnut,3,7500,19880.76923076923,2026-03-26,,,,On Time,0,0
809,709,Office Desk,We need a set of bespoke office desks for our startup in Richmond.,DELIVERED,,6,12,18,24,6,Victorian Ash,2,2800,8907.692307692309,2026-03-27,2026-04-13,2026-03-27,2026-04-12,Late,1,0.1
810,710,Sideboard,We'd like a quote on a custom sideboard for our Hawthorn home.,LOST,,11,22,33,44,11,American Walnut,3,7500,19880.76923076923,2026-03-27,,,,On Time,0,0
811,711,Sideboard,We'd like a quote on a custom sideboard for our Hawthorn home.,LOST,,8,16,24,32,8,Tasmanian Oak,2,2400,9876.923076923078,2026-03-28,,,,On Time,0,0
812,712,Office Desk,We need a set of bespoke office desks for our startup in Richmond.,LOST,,7,14,21,28,7,Victorian Ash,2,2800,9692.307692307691,2026-03-28,,,,On Time,0,0
813,713,Bookshelf,Can you create a handcrafted bookshelf for our apartment in South Yarra?,DELIVERED,,8,16,24,32,8,American Walnut,2,5000,13776.923076923078,2026-03-29,2026-04-16,2026-03-29,2026-04-15,Late,1,0.1
814,714,Dining Table,I'm looking for a custom dining table for my new home in Fitzroy.,DELIVERED,,9,18,27,36,9,American Walnut,2,5000,14561.538461538461,2026-03-29,2026-04-18,2026-03-29,2026-04-20,On Time,0,0
815,715,Dining Table,I'm looking for a custom dining table for my new home in Fitzroy.,LOST,,8,16,24,32,8,Victorian Ash,2,2800,10476.923076923078,2026-03-30,,,,On Time,0,0
816,716,Dining Table,I'm looking for a custom dining table for my new home in Fitzroy.,DELIVERED,,10,20,30,40,10,Tasmanian Oak,2,2400,11446.153846153848,2026-03-30,2026-04-21,2026-03-30,2026-04-21,On Time,0,0
817,717,Media Console,Requesting a quote for a minimalist media console for a St Kilda residence.,LOST,,5,10,15,20,5,Tasmanian Oak,1,1200,5723.076923076924,2026-03-31,,,,On Time,0,0
818,718,Media Console,Requesting a quote for a minimalist media console for a St Kilda residence.,LOST,,7,14,21,28,7,American Walnut,2,5000,12992.307692307691,2026-04-01,,,,On Time,0,0
819,719,Media Console,Requesting a quote for a minimalist media console for a St Kilda residence.,LOST,,5,10,15,20,5,American Walnut,1,2500,7673.076923076924,2026-04-01,,,,On Time,0,0
820,720,Dining Table,I'm looking for a custom dining table for my new home in Fitzroy.,DELIVERED,,7,14,21,28,7,American Walnut,2,5000,12992.307692307691,2026-04-02,2026-04-18,2026-04-02,2026-04-19,On Time,0,0
821,721,Bookshelf,Can you create a handcrafted bookshelf for our apartment in South Yarra?,LOST,,5,10,15,20,5,American Walnut,1,2500,7673.076923076924,2026-04-02,,,,On Time,0,0
822,722,Dining Table,I'm looking for a custom dining table for my new home in Fitzroy.,DELIVERED,,8,16,24,32,8,Tasmanian Oak,2,2400,9876.923076923078,2026-04-03,2026-04-18,2026-04-03,2026-04-20,On Time,0,0
823,723,Media Console,Requesting a quote for a minimalist media console for a St Kilda residence.,LOST,,7,14,21,28,7,Tasmanian Oak,2,2400,9092.307692307691,2026-04-03,,,,On Time,0,0
824,724,Office Desk,We need a set of bespoke office desks for our startup in Richmond.,DELIVERED,,6,12,18,24,6,Tasmanian Oak,2,2400,8307.692307692309,2026-04-04,2026-04-18,2026-04-04,2026-04-20,On Time,0,0
825,725,Sideboard,We'd like a quote on a custom sideboard for our Hawthorn home.,LOST,,9,18,27,36,9,Tasmanian Oak,2,2400,10661.538461538461,2026-04-04,,,,On Time,0,0
826,726,Dining Table,I'm looking for a custom dining table for my new home in Fitzroy.,LOST,,9,18,27,36,9,Victorian Ash,2,2800,11261.538461538461,2026-04-05,,,,On Time,0,0
827,727,Bookshelf,Can you create a handcrafted bookshelf for our apartment in South Yarra?,LOST,,5,10,15,20,5,American Walnut,1,2500,7673.076923076924,2026-04-05,,,,On Time,0,0
828,728,Media Console,Requesting a quote for a minimalist media console for a St Kilda residence.,DELIVERED,,7,14,21,28,7,Victorian Ash,2,2800,9692.307692307691,2026-04-06,2026-04-22,2026-04-06,2026-04-23,On Time,0,0
829,729,Media Console,Requesting a quote for a minimalist media console for a St Kilda residence.,DELIVERED,,4,8,12,16,4,Victorian Ash,1,1400,5238.461538461539,2026-04-06,2026-04-21,2026-04-06,2026-04-18,Late,3,0.1
830,730,Sideboard,We'd like a quote on a custom sideboard for our Hawthorn home.,DELIVERED,,9,18,27,36,9,American Walnut,2,5000,14561.538461538461,2026-04-07,2026-04-27,2026-04-07,2026-04-29,On Time,0,0
831,731,Media Console,Requesting a quote for a minimalist media console for a St Kilda residence.,LOST,,5,10,15,20,5,Tasmanian Oak,1,1200,5723.076923076924,2026-04-07,,,,On Time,0,0
832,732,Sideboard,We'd like a quote on a custom sideboard for our Hawthorn home.,LOST,,8,16,24,32,8,Victorian Ash,2,2800,10476.923076923078,2026-04-08,,,,On Time,0,0
833,733,Dining Table,I'm looking for a custom dining table for my new home in Fitzroy.,DELIVERED,,9,18,27,36,9,Victorian Ash,2,2800,11261.538461538461,2026-04-08,2026-04-29,2026-04-08,2026-04-30,On Time,0,0
834,734,Office Desk,We need a set of bespoke office desks for our startup in Richmond.,DELIVERED,,7,14,21,28,7,American Walnut,2,5000,12992.307692307691,2026-04-09,2026-04-26,2026-04-09,2026-04-26,On Time,0,0
835,735,Bookshelf,Can you create a handcrafted bookshelf for our apartment in South Yarra?,DELIVERED,,8,16,24,32,8,Tasmanian Oak,2,2400,9876.923076923078,2026-04-09,2026-04-26,2026-04-09,2026-04-26,On Time,0,0
836,736,Bookshelf,Can you create a handcrafted bookshelf for our apartment in South Yarra?,LOST,,5,10,15,20,5,Victorian Ash,1,1400,6023.076923076924,2026-04-10,,,,On Time,0,0
837,737,Media Console,Requesting a quote for a minimalist media console for a St Kilda residence.,DELIVERED,,7,14,21,28,7,Tasmanian Oak,2,2400,9092.307692307691,2026-04-10,2026-04-28,2026-04-10,2026-04-27,Late,1,0.1
838,738,Office Desk,We need a set of bespoke office desks for our startup in Richmond.,LOST,,6,12,18,24,6,Victorian Ash,2,2800,8907.692307692309,2026-04-11,,,,On Time,0,0
839,739,Bookshelf,Can you create a handcrafted bookshelf for our apartment in South Yarra?,LOST,,6,12,18,24,6,Victorian Ash,2,2800,8907.692307692309,2026-04-11,,,,On Time,0,0
840,740,Office Desk,We need a set of bespoke office desks for our startup in Richmond.,LOST,,8,16,24,32,8,American Walnut,2,5000,13776.923076923078,2026-04-12,,,,On Time,0,0
841,741,Sideboard,We'd like a quote on a custom sideboard for our Hawthorn home.,DELIVERED,,9,18,27,36,9,Tasmanian Oak,2,2400,10661.538461538461,2026-04-12,2026-05-03,2026-04-12,2026-05-04,On Time,0,0
842,742,Sideboard,We'd like a quote on a custom sideboard for our Hawthorn home.,LOST,,11,22,33,44,11,American Walnut,3,7500,19880.76923076923,2026-04-13,,,,On Time,0,0
843,743,Dining Table,I'm looking for a custom dining table for my new home in Fitzroy.,DELIVERED,,9,18,27,36,9,American Walnut,2,5000,14561.538461538461,2026-04-13,2026-05-02,2026-04-13,2026-05-05,On Time,0,0
844,744,Sideboard,We'd like a quote on a custom sideboard for our Hawthorn home.,LOST,,8,16,24,32,8,American Walnut,2,5000,13776.923076923078,2026-04-14,,,,On Time,0,0
845,745,Office Desk,We need a set of bespoke office desks for our startup in Richmond.,LOST,,9,18,27,36,9,American Walnut,2,5000,14561.538461538461,2026-04-14,,,,On Time,0,0
846,746,Office Desk,We need a set of bespoke office desks for our startup in Richmond.,DELIVERED,,9,18,27,36,9,American Walnut,2,5000,14561.538461538461,2026-04-15,2026-05-05,2026-04-15,2026-05-07,On Time,0,0
847,747,Bookshelf,Can you create a handcrafted bookshelf for our apartment in South Yarra?,DELIVERED,,5,10,15,20,5,Victorian Ash,1,1400,6023.076923076924,2026-04-15,2026-05-03,2026-04-15,2026-04-30,Late,3,0.1
848,748,Bookshelf,Can you create a handcrafted bookshelf for our apartment in South Yarra?,LOST,,8,16,24,32,8,American Walnut,2,5000,13776.923076923078,2026-04-16,,,,On Time,0,0
849,749,Office Desk,We need a set of bespoke office desks for our startup in Richmond.,DELIVERED,,6,12,18,24,6,Victorian Ash,2,2800,8907.692307692309,2026-04-16,2026-05-04,2026-04-16,2026-05-02,Late,2,0.1
850,750,Sideboard,We'd like a quote on a custom sideboard for our Hawthorn home.,DELIVERED,,8,16,24,32,8,Victorian Ash,2,2800,10476.923076923078,2026-04-17,2026-05-06,2026-04-17,2026-05-04,Late,2,0.1
851,751,Dining Table,I'm looking for a custom dining table for my new home in Fitzroy.,DELIVERED,,8,16,24,32,8,Tasmanian Oak,2,2400,9876.923076923078,2026-04-17,2026-05-07,2026-04-17,2026-05-04,Late,3,0.1
852,752,Bookshelf,Can you create a handcrafted bookshelf for our apartment in South Yarra?,DELIVERED,,6,12,18,24,6,Victorian Ash,2,2800,8907.692307692309,2026-04-18,2026-05-06,2026-04-18,2026-05-04,Late,2,0.1
853,753,Office Desk,We need a set of bespoke office desks for our startup in Richmond.,LOST,,8,16,24,32,8,Tasmanian Oak,2,2400,9876.923076923078,2026-04-18,,,,On Time,0,0
854,754,Office Desk,We need a set of bespoke office desks for our startup in Richmond.,DELIVERED,,8,16,24,32,8,American Walnut,2,5000,13776.923076923078,2026-04-19,2026-05-10,2026-04-19,2026-05-06,Late,4,0.1
855,755,Bookshelf,Can you create a handcrafted bookshelf for our apartment in South Yarra?,DELIVERED,,8,16,24,32,8,American Walnut,2,5000,13776.923076923078,2026-04-19,2026-05-12,2026-04-19,2026-05-06,Late,6,0.1
856,756,Dining Table,I'm looking for a custom dining table for my new home in Fitzroy.,DELIVERED,,9,18,27,36,9,Victorian Ash,2,2800,11261.538461538461,2026-04-20,2026-05-17,2026-04-20,2026-05-12,Late,5,0.1
857,757,Office Desk,We need a set of bespoke office desks for our startup in Richmond.,LOST,,8,16,24,32,8,American Walnut,2,5000,13776.923076923078,2026-04-20,,,,On Time,0,0
858,758,Media Console,Requesting a quote for a minimalist media console for a St Kilda residence.,LOST,,4,8,12,16,4,Victorian Ash,1,1400,5238.461538461539,2026-04-21,,,,On Time,0,0
859,759,Sideboard,We'd like a quote on a custom sideboard for our Hawthorn home.,LOST,,11,22,33,44,11,American Walnut,3,7500,19880.76923076923,2026-04-21,,,,On Time,0,0
860,760,Sideboard,We'd like a quote on a custom sideboard for our Hawthorn home.,DELIVERED,,11,22,33,44,11,Tasmanian Oak,3,3600,14030.76923076923,2026-04-22,2026-05-18,2026-04-22,2026-05-16,Late,2,0.1
861,761,Office Desk,We need a set of bespoke office desks for our startup in Richmond.,LOST,,8,16,24,32,8,Tasmanian Oak,2,2400,9876.923076923078,2026-04-22,,,,On Time,0,0
862,762,Bookshelf,Can you create a handcrafted bookshelf for our apartment in South Yarra?,LOST,,7,14,21,28,7,Tasmanian Oak,2,2400,9092.307692307691,2026-04-23,,,,On Time,0,0
863,763,Dining Table,I'm looking for a custom dining table for my new home in Fitzroy.,LOST,,8,16,24,32,8,Victorian Ash,2,2800,10476.923076923078,2026-04-23,,,,On Time,0,0
864,764,Media Console,Requesting a quote for a minimalist media console for a St Kilda residence.,DELIVERED,,4,8,12,16,4,Victorian Ash,1,1400,5238.461538461539,2026-04-24,2026-05-11,2026-04-24,2026-05-06,Late,5,0.1
865,765,Dining Table,I'm looking for a custom dining table for my new home in Fitzroy.,LOST,,8,16,24,32,8,Tasmanian Oak,2,2400,9876.923076923078,2026-04-24,,,,On Time,0,0
866,766,Bookshelf,Can you create a handcrafted bookshelf for our apartment in South Yarra?,LOST,,8,16,24,32,8,Tasmanian Oak,2,2400,9876.923076923078,2026-04-25,,,,On Time,0,0
867,767,Office Desk,We need a set of bespoke office desks for our startup in Richmond.,DELIVERED,,8,16,24,32,8,Tasmanian Oak,2,2400,9876.923076923078,2026-04-26,2026-05-17,2026-04-26,2026-05-13,Late,4,0.1
868,768,Sideboard,We'd like a quote on a custom sideboard for our Hawthorn home.,LOST,,11,22,33,44,11,American Walnut,3,7500,19880.76923076923,2026-04-26,,,,On Time,0,0
869,769,Office Desk,We need a set of bespoke office desks for our startup in Richmond.,LOST,,7,14,21,28,7,American Walnut,2,5000,12992.307692307691,2026-04-27,,,,On Time,0,0
870,770,Bookshelf,Can you create a handcrafted bookshelf for our apartment in South Yarra?,LOST,,8,16,24,32,8,Tasmanian Oak,2,2400,9876.923076923078,2026-04-27,,,,On Time,0,0
871,771,Media Console,Requesting a quote for a minimalist media console for a St Kilda residence.,LOST,,4,8,12,16,4,Tasmanian Oak,1,1200,4938.461538461539,2026-04-28,,,,On Time,0,0
872,772,Sideboard,We'd like a quote on a custom sideboard for our Hawthorn home.,LOST,,9,18,27,36,9,Victorian Ash,2,2800,11261.538461538461,2026-04-28,,,,On Time,0,0
873,773,Media Console,Requesting a quote for a minimalist media console for a St Kilda residence.,DELIVERED,,4,8,12,16,4,American Walnut,1,2500,6888.461538461539,2026-04-29,2026-05-12,2026-04-29,2026-05-11,Late,1,0.1
874,774,Media Console,Requesting a quote for a minimalist media console for a St Kilda residence.,DELIVERED,,7,14,21,28,7,Tasmanian Oak,2,2400,9092.307692307691,2026-04-29,2026-05-17,2026-04-29,2026-05-16,Late,1,0.1
875,775,Bookshelf,Can you create a handcrafted bookshelf for our apartment in South Yarra?,LOST,,8,16,24,32,8,American Walnut,2,5000,13776.923076923078,2026-04-30,,,,On Time,0,0
876,776,Office Desk,We need a set of bespoke office desks for our startup in Richmond.,DELIVERED,,9,18,27,36,9,American Walnut,2,5000,14561.538461538461,2026-04-30,2026-05-23,2026-04-30,2026-05-22,Late,1,0.1
877,777,Sideboard,We'd like a quote on a custom sideboard for our Hawthorn home.,LOST,,10,20,30,40,10,Victorian Ash,2,2800,12046.153846153848,2026-05-01,,,,On Time,0,0
878,778,Office Desk,We need a set of bespoke office desks for our startup in Richmond.,LOST,,6,12,18,24,6,American Walnut,2,5000,12207.692307692309,2026-05-01,,,,On Time,0,0
879,779,Media Console,Requesting a quote for a minimalist media console for a St Kilda residence.,DELIVERED,,7,14,21,28,7,American Walnut,2,5000,12992.307692307691,2026-05-02,2026-05-19,2026-05-02,2026-05-19,On Time,0,0
880,780,Dining Table,I'm looking for a custom dining table for my new home in Fitzroy.,DELIVERED,,10,20,30,40,10,Victorian Ash,2,2800,12046.153846153848,2026-05-03,2026-05-25,2026-05-03,2026-05-25,On Time,0,0
881,781,Bookshelf,Can you create a handcrafted bookshelf for our apartment in South Yarra?,LOST,,7,14,21,28,7,Tasmanian Oak,2,2400,9092.307692307691,2026-05-03,,,,On Time,0,0
882,782,Office Desk,We need a set of bespoke office desks for our startup in Richmond.,DELIVERED,,9,18,27,36,9,American Walnut,2,5000,14561.538461538461,2026-05-04,2026-05-23,2026-05-04,2026-05-26,On Time,0,0
883,783,Office Desk,We need a set of bespoke office desks for our startup in Richmond.,DELIVERED,,9,18,27,36,9,Victorian Ash,2,2800,11261.538461538461,2026-05-04,2026-05-28,2026-05-04,2026-05-26,Late,2,0.1
884,784,Media Console,Requesting a quote for a minimalist media console for a St Kilda residence.,DELIVERED,,6,12,18,24,6,Tasmanian Oak,2,2400,8307.692307692309,2026-05-05,2026-05-24,2026-05-05,2026-05-21,Late,3,0.1
885,785,Media Console,Requesting a quote for a minimalist media console for a St Kilda residence.,DELIVERED,,5,10,15,20,5,Victorian Ash,1,1400,6023.076923076924,2026-05-06,2026-05-24,2026-05-06,2026-05-21,Late,3,0.1
886,786,Office Desk,We need a set of bespoke office desks for our startup in Richmond.,DELIVERED,,7,14,21,28,7,American Walnut,2,5000,12992.307692307691,2026-05-06,2026-05-26,2026-05-06,2026-05-23,Late,3,0.1
887,787,Office Desk,We need a set of bespoke office desks for our startup in Richmond.,LOST,,7,14,21,28,7,American Walnut,2,5000,12992.307692307691,2026-05-07,,,,On Time,0,0
888,788,Office Desk,We need a set of bespoke office desks for our startup in Richmond.,LOST,,8,16,24,32,8,Tasmanian Oak,2,2400,9876.923076923078,2026-05-08,,,,On Time,0,0
889,789,Dining Table,I'm looking for a custom dining table for my new home in Fitzroy.,LOST,,8,16,24,32,8,American Walnut,2,5000,13776.923076923078,2026-05-09,,,,On Time,0,0
890,790,Dining Table,I'm looking for a custom dining table for my new home in Fitzroy.,LOST,,10,20,30,40,10,Victorian Ash,2,2800,12046.153846153848,2026-05-10,,,,On Time,0,0
891,791,Office Desk,We need a set of bespoke office desks for our startup in Richmond.,DELIVERED,,6,12,18,24,6,American Walnut,2,5000,12207.692307692309,2026-05-11,2026-05-28,2026-05-11,2026-05-27,Late,1,0.1
892,792,Media Console,Requesting a quote for a minimalist media console for a St Kilda residence.,DELIVERED,,7,14,21,28,7,American Walnut,2,5000,12992.307692307691,2026-05-12,2026-06-03,2026-05-12,2026-05-29,Late,5,0.1
893,793,Dining Table,I'm looking for a custom dining table for my new home in Fitzroy.,LOST,,7,14,21,28,7,Victorian Ash,2,2800,9692.307692307691,2026-05-13,,,,On Time,0,0
894,794,Sideboard,We'd like a quote on a custom sideboard for our Hawthorn home.,DELIVERED,,8,16,24,32,8,American Walnut,2,5000,13776.923076923078,2026-05-14,2026-06-03,2026-05-14,2026-05-31,Late,3,0.1
895,795,Sideboard,We'd like a quote on a custom sideboard for our Hawthorn home.,LOST,,11,22,33,44,11,Tasmanian Oak,3,3600,14030.76923076923,2026-05-15,,,,On Time,0,0
896,796,Sideboard,We'd like a quote on a custom sideboard for our Hawthorn home.,LOST,,9,18,27,36,9,Tasmanian Oak,2,2400,10661.538461538461,2026-05-16,,,,On Time,0,0
897,797,Bookshelf,Can you create a handcrafted bookshelf for our apartment in South Yarra?,LOST,,5,10,15,20,5,American Walnut,1,2500,7673.076923076924,2026-05-17,,,,On Time,0,0
898,798,Office Desk,We need a set of bespoke office desks for our startup in Richmond.,LOST,,9,18,27,36,9,American Walnut,2,5000,14561.538461538461,2026-05-18,,,,On Time,0,0
899,799,Office Desk,We need a set of bespoke office desks for our startup in Richmond.,LOST,,8,16,24,32,8,Tasmanian Oak,2,2400,9876.923076923078,2026-05-19,,,,On Time,0,0
900,800,Dining Table,I'm looking for a custom dining table for my new home in Fitzroy.,DELIVERED,,10,20,30,40,10,American Walnut,2,5000,15346.153846153848,2026-05-20,2026-06-04,2026-05-20,2026-06-11,On Time,0,0
901,801,Bookshelf,Can you create a handcrafted bookshelf for our apartment in South Yarra?,LOST,,6,12,18,24,6,Tasmanian Oak,2,2400,8307.692307692309,2026-05-21,,,,On Time,0,0
902,802,Dining Table,I'm looking for a custom dining table for my new home in Fitzroy.,DELIVERED,,7,14,21,28,7,Victorian Ash,2,2800,9692.307692307691,2026-05-22,2026-06-03,2026-05-22,2026-06-08,On Time,0,0
903,803,Dining Table,I'm looking for a custom dining table for my new home in Fitzroy.,LOST,,9,18,27,36,9,Victorian Ash,2,2800,11261.538461538461,2026-05-23,,,,On Time,0,0
904,804,Dining Table,I'm looking for a custom dining table for my new home in Fitzroy.,LOST,,7,14,21,28,7,American Walnut,2,5000,12992.307692307691,2026-05-24,,,,On Time,0,0
905,805,Bookshelf,Can you create a handcrafted bookshelf for our apartment in South Yarra?,LOST,,8,16,24,32,8,Victorian Ash,2,2800,10476.923076923078,2026-05-25,,,,On Time,0,0
906,806,Office Desk,We need a set of bespoke office desks for our startup in Richmond.,DELIVERED,,9,18,27,36,9,American Walnut,2,5000,14561.538461538461,2026-05-26,2026-06-09,2026-05-26,2026-06-17,On Time,0,0
907,807,Dining Table,I'm looking for a custom dining table for my new home in Fitzroy.,LOST,,9,18,27,36,9,Tasmanian Oak,2,2400,10661.538461538461,2026-05-27,,,,On Time,0,0
908,808,Media Console,Requesting a quote for a minimalist media console for a St Kilda residence.,LOST,,5,10,15,20,5,Victorian Ash,1,1400,6023.076923076924,2026-05-27,,,,On Time,0,0
909,809,Sideboard,We'd like a quote on a custom sideboard for our Hawthorn home.,LOST,,11,22,33,44,11,American Walnut,3,7500,19880.76923076923,2026-05-28,,,,On Time,0,0
910,810,Dining Table,I'm looking for a custom dining table for my new home in Fitzroy.,LOST,,10,20,30,40,10,Tasmanian Oak,2,2400,11446.153846153848,2026-05-28,,,,On Time,0,0
911,811,Media Console,Requesting a quote for a minimalist media console for a St Kilda residence.,DELIVERED,,7,14,21,28,7,Tasmanian Oak,2,2400,9092.307692307691,2026-05-29,2026-06-08,2026-05-29,2026-06-15,On Time,0,0
912,812,Sideboard,We'd like a quote on a custom sideboard for our Hawthorn home.,LOST,,8,16,24,32,8,American Walnut,2,5000,13900,2026-05-30,,,,On Time,0,0
913,813,Sideboard,We'd like a quote on a custom sideboard for our Hawthorn home.,DELIVERED,,10,20,30,40,10,Tasmanian Oak,2,2400,11600,2026-05-30,2026-06-15,2026-05-30,2026-06-21,On Time,0,0
914,814,Office Desk,We need a set of bespoke office desks for our startup in Richmond.,LOST,,6,12,18,24,6,Tasmanian Oak,2,2400,8400,2026-05-31,,,,On Time,0,0
915,815,Dining Table,I'm looking for a custom dining table for my new home in Fitzroy.,DELIVERED,,8,16,24,32,8,Victorian Ash,2,2800,10600,2026-06-01,2026-06-14,2026-06-01,2026-06-18,On Time,0,0
916,816,Sideboard,We'd like a quote on a custom sideboard for our Hawthorn home.,LOST,,8,16,24,32,8,American Walnut,2,5000,13900,2026-06-02,,,,On Time,0,0
917,817,Dining Table,I'm looking for a custom dining table for my new home in Fitzroy.,LOST,,8,16,24,32,8,Victorian Ash,2,2800,10600,2026-06-03,,,,On Time,0,0
918,818,Bookshelf,Can you create a handcrafted bookshelf for our apartment in South Yarra?,LOST,,7,14,21,28,7,Victorian Ash,2,2800,9692.307692307691,2026-06-04,,,,On Time,0,0
919,819,Bookshelf,Can you create a handcrafted bookshelf for our apartment in South Yarra?,LOST,,8,16,24,32,8,American Walnut,2,5000,13776.923076923078,2026-06-05,,,,On Time,0,0
920,820,Office Desk,We need a set of bespoke office desks for our startup in Richmond.,LOST,,8,16,24,32,8,Tasmanian Oak,2,2400,9876.923076923078,2026-06-06,,,,On Time,0,0
921,821,Dining Table,I'm looking for a custom dining table for my new home in Fitzroy.,LOST,,10,20,30,40,10,Victorian Ash,2,2800,12046.153846153848,2026-06-07,,,,On Time,0,0
922,822,Bookshelf,Can you create a handcrafted bookshelf for our apartment in South Yarra?,DELIVERED,,6,12,18,24,6,Victorian Ash,2,2800,8907.692307692309,2026-06-08,2026-06-17,2026-06-08,2026-06-24,On Time,0,0
923,823,Dining Table,I'm looking for a custom dining table for my new home in Fitzroy.,DELIVERED,,7,14,21,28,7,Victorian Ash,2,2800,9692.307692307691,2026-06-09,2026-06-23,2026-06-09,2026-06-26,On Time,0,0
924,824,Bookshelf,Can you create a handcrafted bookshelf for our apartment in South Yarra?,DELIVERED,,6,12,18,24,6,American Walnut,2,5000,12207.692307692309,2026-06-10,2026-06-19,2026-06-10,2026-06-26,On Time,0,0
925,825,Sideboard,We'd like a quote on a custom sideboard for our Hawthorn home.,DELIVERED,,11,22,33,44,11,Victorian Ash,3,4200,14930.76923076923,2026-06-11,2026-06-29,2026-06-11,2026-07-05,On Time,0,0
926,826,Dining Table,I'm looking for a custom dining table for my new home in Fitzroy.,LOST,,8,16,24,32,8,Tasmanian Oak,2,2400,9876.923076923078,2026-06-12,,,,On Time,0,0
927,827,Office Desk,We need a set of bespoke office desks for our startup in Richmond.,DELIVERED,,7,14,21,28,7,Victorian Ash,2,2800,9692.307692307691,2026-06-13,2026-06-24,2026-06-13,2026-06-30,On Time,0,0
928,828,Dining Table,I'm looking for a custom dining table for my new home in Fitzroy.,DELIVERED,,7,14,21,28,7,Tasmanian Oak,2,2400,9092.307692307691,2026-06-14,2026-06-26,2026-06-14,2026-07-01,On Time,0,0
929,829,Bookshelf,Can you create a handcrafted bookshelf for our apartment in South Yarra?,LOST,,7,14,21,28,7,American Walnut,2,5000,12992.307692307691,2026-06-15,,,,On Time,0,0
930,830,Dining Table,I'm looking for a custom dining table for my new home in Fitzroy.,DELIVERED,,10,20,30,40,10,Victorian Ash,2,2800,12046.153846153848,2026-06-16,2026-07-01,2026-06-16,2026-07-08,On Time,0,0
931,831,Sideboard,We'd like a quote on a custom sideboard for our Hawthorn home.,DELIVERED,,9,18,27,36,9,American Walnut,2,5000,14561.538461538461,2026-06-17,2026-07-01,2026-06-17,2026-07-09,On Time,0,0
932,832,Media Console,Requesting a quote for a minimalist media console for a St Kilda residence.,LOST,,6,12,18,24,6,Victorian Ash,2,2800,8907.692307692309,2026-06-18,,,,On Time,0,0
933,833,Sideboard,We'd like a quote on a custom sideboard for our Hawthorn home.,LOST,,11,22,33,44,11,American Walnut,3,7500,19880.76923076923,2026-06-19,,,,On Time,0,0
934,834,Bookshelf,Can you create a handcrafted bookshelf for our apartment in South Yarra?,LOST,,7,14,21,28,7,Victorian Ash,2,2800,9692.307692307691,2026-06-20,,,,On Time,0,0
935,835,Bookshelf,Can you create a handcrafted bookshelf for our apartment in South Yarra?,LOST,,7,14,21,28,7,Victorian Ash,2,2800,9692.307692307691,2026-06-21,,,,On Time,0,0
936,836,Bookshelf,Can you create a handcrafted bookshelf for our apartment in South Yarra?,LOST,,8,16,24,32,8,American Walnut,2,5000,13776.923076923078,2026-06-22,,,,On Time,0,0
937,837,Office Desk,We need a set of bespoke office desks for our startup in Richmond.,DELIVERED,,7,14,21,28,7,American Walnut,2,5000,12992.307692307691,2026-06-23,2026-07-04,2026-06-23,2026-07-10,On Time,0,0
938,838,Office Desk,We need a set of bespoke office desks for our startup in Richmond.,LOST,,8,16,24,32,8,Tasmanian Oak,2,2400,9876.923076923078,2026-06-24,,,,On Time,0,0
939,839,Dining Table,I'm looking for a custom dining table for my new home in Fitzroy.,DELIVERED,,9,18,27,36,9,Tasmanian Oak,2,2400,10661.538461538461,2026-06-25,2026-07-10,2026-06-25,2026-07-17,On Time,0,0
940,840,Bookshelf,Can you create a handcrafted bookshelf for our apartment in South Yarra?,LOST,,8,16,24,32,8,American Walnut,2,5000,13776.923076923078,2026-06-26,,,,On Time,0,0
941,841,Sideboard,We'd like a quote on a custom sideboard for our Hawthorn home.,LOST,,8,16,24,32,8,American Walnut,2,5000,13776.923076923078,2026-06-27,,,,On Time,0,0
942,842,Bookshelf,Can you create a handcrafted bookshelf for our apartment in South Yarra?,LOST,,6,12,18,24,6,Victorian Ash,2,2800,8907.692307692309,2026-06-28,,,,On Time,0,0
943,843,Dining Table,I'm looking for a custom dining table for my new home in Fitzroy.,LOST,,9,18,27,36,9,American Walnut,2,5000,14561.538461538461,2026-06-29,,,,On Time,0,0
944,844,Media Console,Requesting a quote for a minimalist media console for a St Kilda residence.,DELIVERED,,5,10,15,20,5,Victorian Ash,1,1400,6023.076923076924,2026-06-30,2026-07-08,2026-06-30,2026-07-15,On Time,0,0
945,845,Office Desk,We need a set of bespoke office desks for our startup in Richmond.,LOST,,8,16,24,32,8,American Walnut,2,5000,13776.923076923078,2026-07-01,,,,On Time,0,0
946,846,Sideboard,We'd like a quote on a custom sideboard for our Hawthorn home.,LOST,,8,16,24,32,8,American Walnut,2,5000,13776.923076923078,2026-07-02,,,,On Time,0,0
947,847,Sideboard,We'd like a quote on a custom sideboard for our Hawthorn home.,LOST,,10,20,30,40,10,Victorian Ash,2,2800,12046.153846153848,2026-07-03,,,,On Time,0,0
948,848,Bookshelf,Can you create a handcrafted bookshelf for our apartment in South Yarra?,DELIVERED,,7,14,21,28,7,Tasmanian Oak,2,2400,9092.307692307691,2026-07-04,2026-07-14,2026-07-04,2026-07-21,On Time,0,0
949,849,Dining Table,I'm looking for a custom dining table for my new home in Fitzroy.,LOST,,9,18,27,36,9,American Walnut,2,5000,14561.538461538461,2026-07-05,,,,On Time,0,0
950,850,Bookshelf,Can you create a handcrafted bookshelf for our apartment in South Yarra?,LOST,,5,10,15,20,5,American Walnut,1,2500,7673.076923076924,2026-07-06,,,,On Time,0,0
951,851,Media Console,Requesting a quote for a minimalist media console for a St Kilda residence.,LOST,,4,8,12,16,4,Tasmanian Oak,1,1200,4938.461538461539,2026-07-07,,,,On Time,0,0
952,852,Dining Table,I'm looking for a custom dining table for my new home in Fitzroy.,LOST,,9,18,27,36,9,Tasmanian Oak,2,2400,10661.538461538461,2026-07-08,,,,On Time,0,0
953,853,Media Console,Requesting a quote for a minimalist media console for a St Kilda residence.,LOST,,7,14,21,28,7,Tasmanian Oak,2,2400,9092.307692307691,2026-07-09,,,,On Time,0,0
954,854,Media Console,Requesting a quote for a minimalist media console for a St Kilda residence.,LOST,,7,14,21,28,7,Tasmanian Oak,2,2400,9092.307692307691,2026-07-10,,,,On Time,0,0
955,855,Sideboard,We'd like a quote on a custom sideboard for our Hawthorn home.,LOST,,9,18,27,36,9,Victorian Ash,2,2800,11261.538461538461,2026-07-11,,,,On Time,0,0
956,856,Sideboard,We'd like a quote on a custom sideboard for our Hawthorn home.,LOST,,8,16,24,32,8,American Walnut,2,5000,13776.923076923078,2026-07-12,,,,On Time,0,0
957,857,Sideboard,We'd like a quote on a custom sideboard for our Hawthorn home.,DELIVERED,,9,18,27,36,9,American Walnut,2,5000,14561.538461538461,2026-07-13,2026-07-27,2026-07-13,2026-08-04,On Time,0,0
958,858,Office Desk,We need a set of bespoke office desks for our startup in Richmond.,LOST,,9,18,27,36,9,Victorian Ash,2,2800,11261.538461538461,2026-07-14,,,,On Time,0,0
959,859,Sideboard,We'd like a quote on a custom sideboard for our Hawthorn home.,LOST,,11,22,33,44,11,Victorian Ash,3,4200,14930.76923076923,2026-07-15,,,,On Time,0,0
960,860,Dining Table,I'm looking for a custom dining table for my new home in Fitzroy.,LOST,,8,16,24,32,8,Tasmanian Oak,2,2400,9876.923076923078,2026-07-16,,,,On Time,0,0
961,861,Office Desk,We need a set of bespoke office desks for our startup in Richmond.,DELIVERED,,9,18,27,36,9,American Walnut,2,5000,14561.538461538461,2026-07-17,2026-07-31,2026-07-17,2026-08-08,On Time,0,0
962,862,Dining Table,I'm looking for a custom dining table for my new home in Fitzroy.,LOST,,7,14,21,28,7,American Walnut,2,5000,12992.307692307691,2026-07-18,,,,On Time,0,0
963,863,Media Console,Requesting a quote for a minimalist media console for a St Kilda residence.,DELIVERED,,7,14,21,28,7,Victorian Ash,2,2800,9692.307692307691,2026-07-19,2026-07-29,2026-07-19,2026-08-05,On Time,0,0
964,864,Media Console,Requesting a quote for a minimalist media console for a St Kilda residence.,LOST,,7,14,21,28,7,Tasmanian Oak,2,2400,9092.307692307691,2026-07-20,,,,On Time,0,0
965,865,Bookshelf,Can you create a handcrafted bookshelf for our apartment in South Yarra?,LOST,,6,12,18,24,6,Victorian Ash,2,2800,8907.692307692309,2026-07-21,,,,On Time,0,0
966,866,Office Desk,We need a set of bespoke office desks for our startup in Richmond.,LOST,,6,12,18,24,6,Victorian Ash,2,2800,8907.692307692309,2026-07-22,,,,On Time,0,0
967,867,Media Console,Requesting a quote for a minimalist media console for a St Kilda residence.,LOST,,6,12,18,24,6,Tasmanian Oak,2,2400,8307.692307692309,2026-07-23,,,,On Time,0,0
968,868,Bookshelf,Can you create a handcrafted bookshelf for our apartment in South Yarra?,DELIVERED,,5,10,15,20,5,Victorian Ash,1,1400,6023.076923076924,2026-07-24,2026-08-03,2026-07-24,2026-08-08,On Time,0,0
969,869,Bookshelf,Can you create a handcrafted bookshelf for our apartment in South Yarra?,DELIVERED,,8,16,24,32,8,Tasmanian Oak,2,2400,9876.923076923078,2026-07-24,2026-08-06,2026-07-24,2026-08-10,On Time,0,0
970,870,Bookshelf,Can you create a handcrafted bookshelf for our apartment in South Yarra?,LOST,,6,12,18,24,6,American Walnut,2,5000,12207.692307692309,2026-07-25,,,,On Time,0,0
971,871,Sideboard,We'd like a quote on a custom sideboard for our Hawthorn home.,DELIVERED,,9,18,27,36,9,Victorian Ash,2,2800,11261.538461538461,2026-07-26,2026-08-09,2026-07-26,2026-08-17,On Time,0,0
972,872,Dining Table,I'm looking for a custom dining table for my new home in Fitzroy.,LOST,,8,16,24,32,8,American Walnut,2,5000,13776.923076923078,2026-07-27,,,,On Time,0,0
973,873,Office Desk,We need a set of bespoke office desks for our startup in Richmond.,DELIVERED,,7,14,21,28,7,American Walnut,2,5000,12992.307692307691,2026-07-27,2026-08-07,2026-07-27,2026-08-13,On Time,0,0
974,874,Dining Table,I'm looking for a custom dining table for my new home in Fitzroy.,DELIVERED,,8,16,24,32,8,Victorian Ash,2,2800,10476.923076923078,2026-07-28,2026-08-08,2026-07-28,2026-08-14,On Time,0,0
975,875,Office Desk,We need a set of bespoke office desks for our startup in Richmond.,LOST,,6,12,18,24,6,Victorian Ash,2,2800,8907.692307692309,2026-07-29,,,,On Time,0,0
976,876,Sideboard,We'd like a quote on a custom sideboard for our Hawthorn home.,LOST,,10,20,30,40,10,Victorian Ash,2,2800,12046.153846153848,2026-07-30,,,,On Time,0,0
977,877,Office Desk,We need a set of bespoke office desks for our startup in Richmond.,DELIVERED,,7,14,21,28,7,American Walnut,2,5000,12992.307692307691,2026-07-31,2026-08-12,2026-07-31,2026-08-17,On Time,0,0
978,878,Bookshelf,Can you create a handcrafted bookshelf for our apartment in South Yarra?,LOST,,6,12,18,24,6,Tasmanian Oak,2,2400,8307.692307692309,2026-08-01,,,,On Time,0,0
979,879,Bookshelf,Can you create a handcrafted bookshelf for our apartment in South Yarra?,DELIVERED,,7,14,21,28,7,Tasmanian Oak,2,2400,9092.307692307691,2026-08-02,2026-08-16,2026-08-02,2026-08-19,On Time,0,0
980,880,Dining Table,I'm looking for a custom dining table for my new home in Fitzroy.,LOST,,7,14,21,28,7,Tasmanian Oak,2,2400,9092.307692307691,2026-08-03,,,,On Time,0,0
981,881,Sideboard,We'd like a quote on a custom sideboard for our Hawthorn home.,LOST,,11,22,33,44,11,American Walnut,3,7500,19880.76923076923,2026-08-04,,,,On Time,0,0
982,882,Dining Table,I'm looking for a custom dining table for my new home in Fitzroy.,LOST,,9,18,27,36,9,American Walnut,2,5000,14561.538461538461,2026-08-05,,,,On Time,0,0
983,883,Media Console,Requesting a quote for a minimalist media console for a St Kilda residence.,LOST,,7,14,21,28,7,Tasmanian Oak,2,2400,9092.307692307691,2026-08-06,,,,On Time,0,0
984,884,Office Desk,We need a set of bespoke office desks for our startup in Richmond.,LOST,,8,16,24,32,8,Tasmanian Oak,2,2400,9876.923076923078,2026-08-07,,,,On Time,0,0
985,885,Dining Table,I'm looking for a custom dining table for my new home in Fitzroy.,DELIVERED,,10,20,30,40,10,Tasmanian Oak,2,2400,11446.153846153848,2026-08-08,2026-08-23,2026-08-08,2026-08-30,On Time,0,0
986,886,Sideboard,We'd like a quote on a custom sideboard for our Hawthorn home.,LOST,,10,20,30,40,10,Tasmanian Oak,2,2400,11446.153846153848,2026-08-09,,,,On Time,0,0
987,887,Bookshelf,Can you create a handcrafted bookshelf for our apartment in South Yarra?,DELIVERED,,7,14,21,28,7,American Walnut,2,5000,12992.307692307691,2026-08-09,2026-08-23,2026-08-09,2026-08-26,On Time,0,0
988,888,Bookshelf,Can you create a handcrafted bookshelf for our apartment in South Yarra?,LOST,,8,16,24,32,8,Victorian Ash,2,2800,10476.923076923078,2026-08-10,,,,On Time,0,0
989,889,Bookshelf,Can you create a handcrafted bookshelf for our apartment in South Yarra?,DELIVERED,,8,16,24,32,8,Tasmanian Oak,2,2400,9876.923076923078,2026-08-11,2026-08-21,2026-08-11,2026-08-28,On Time,0,0
990,890,Media Console,Requesting a quote for a minimalist media console for a St Kilda residence.,DELIVERED,,6,12,18,24,6,Tasmanian Oak,2,2400,8307.692307692309,2026-08-12,2026-08-22,2026-08-12,2026-08-28,On Time,0,0
991,891,Sideboard,We'd like a quote on a custom sideboard for our Hawthorn home.,LOST,,11,22,33,44,11,Victorian Ash,3,4200,14930.76923076923,2026-08-12,,,,On Time,0,0
992,892,Media Console,Requesting a quote for a minimalist media console for a St Kilda residence.,LOST,,5,10,15,20,5,Tasmanian Oak,1,1200,5723.076923076924,2026-08-13,,,,On Time,0,0
993,893,Bookshelf,Can you create a handcrafted bookshelf for our apartment in South Yarra?,LOST,,7,14,21,28,7,Tasmanian Oak,2,2400,9092.307692307691,2026-08-13,,,,On Time,0,0
994,894,Media Console,Requesting a quote for a minimalist media console for a St Kilda residence.,DELIVERED,,6,12,18,24,6,Tasmanian Oak,2,2400,8307.692307692309,2026-08-14,2026-08-24,2026-08-14,2026-08-30,On Time,0,0
995,895,Office Desk,We need a set of bespoke office desks for our startup in Richmond.,LOST,,7,14,21,28,7,Tasmanian Oak,2,2400,9092.307692307691,2026-08-14,,,,On Time,0,0
996,896,Office Desk,We need a set of bespoke office desks for our startup in Richmond.,LOST,,6,12,18,24,6,Victorian Ash,2,2800,8907.692307692309,2026-08-15,,,,On Time,0,0
997,897,Office Desk,We need a set of bespoke office desks for our startup in Richmond.,LOST,,7,14,21,28,7,American Walnut,2,5000,12992.307692307691,2026-08-16,,,,On Time,0,0
998,898,Office Desk,We need a set of bespoke office desks for our startup in Richmond.,LOST,,7,14,21,28,7,Tasmanian Oak,2,2400,9092.307692307691,2026-08-17,,,,On Time,0,0
999,899,Media Console,Requesting a quote for a minimalist media console for a St Kilda residence.,LOST,,6,12,18,24,6,Victorian Ash,2,2800,8907.692307692309,2026-08-18,,,,On Time,0,0
1000,900,Bookshelf,Can you create a handcrafted bookshelf for our apartment in South Yarra?,LOST,,7,14,21,28,7,American Walnut,2,5000,12992.307692307691,2026-08-19,,,,On Time,0,0
1001,901,Dining Table,I'm looking for a custom dining table for my new home in Fitzroy.,DELIVERED,,7,14,21,28,7,American Walnut,2,5000,12992.307692307691,2026-08-19,2026-08-30,2026-08-19,2026-09-05,On Time,0,0
1002,902,Sideboard,We'd like a quote on a custom sideboard for our Hawthorn home.,LOST,,10,20,30,40,10,Victorian Ash,2,2800,12046.153846153848,2026-08-20,,,,On Time,0,0
1003,903,Media Console,Requesting a quote for a minimalist media console for a St Kilda residence.,DELIVERED,,4,8,12,16,4,Victorian Ash,1,1400,5238.461538461539,2026-08-21,2026-08-27,2026-08-21,2026-09-02,On Time,0,0
1004,904,Dining Table,I'm looking for a custom dining table for my new home in Fitzroy.,LOST,,8,16,24,32,8,Tasmanian Oak,2,2400,9876.923076923078,2026-08-22,,,,On Time,0,0
1005,905,Bookshelf,Can you create a handcrafted bookshelf for our apartment in South Yarra?,DELIVERED,,8,16,24,32,8,American Walnut,2,5000,13776.923076923078,2026-08-23,2026-09-02,2026-08-23,2026-09-09,On Time,0,0
1006,906,Dining Table,I'm looking for a custom dining table for my new home in Fitzroy.,LOST,,10,20,30,40,10,American Walnut,2,5000,15346.153846153848,2026-08-23,,,,On Time,0,0
1007,907,Sideboard,We'd like a quote on a custom sideboard for our Hawthorn home.,LOST,,8,16,24,32,8,Tasmanian Oak,2,2400,9876.923076923078,2026-08-24,,,,On Time,0,0
1008,908,Bookshelf,Can you create a handcrafted bookshelf for our apartment in South Yarra?,LOST,,8,16,24,32,8,Victorian Ash,2,2800,10476.923076923078,2026-08-25,,,,On Time,0,0
1009,909,Bookshelf,Can you create a handcrafted bookshelf for our apartment in South Yarra?,DELIVERED,,8,16,24,32,8,Tasmanian Oak,2,2400,9876.923076923078,2026-08-26,2026-09-05,2026-08-26,2026-09-12,On Time,0,0
1010,910,Dining Table,I'm looking for a custom dining table for my new home in Fitzroy.,LOST,,7,14,21,28,7,Tasmanian Oak,2,2400,9092.307692307691,2026-08-27,,,,On Time,0,0
1011,911,Bookshelf,Can you create a handcrafted bookshelf for our apartment in South Yarra?,LOST,,8,16,24,32,8,Tasmanian Oak,2,2400,9876.923076923078,2026-08-28,,,,On Time,0,0
1012,912,Office Desk,We need a set of bespoke office desks for our startup in Richmond.,LOST,,7,14,21,28,7,Tasmanian Oak,2,2400,9092.307692307691,2026-08-29,,,,On Time,0,0
1013,913,Media Console,Requesting a quote for a minimalist media console for a St Kilda residence.,DELIVERED,,7,14,21,28,7,Victorian Ash,2,2800,9692.307692307691,2026-08-30,2026-09-11,2026-08-30,2026-09-16,On Time,0,0
1014,914,Dining Table,I'm looking for a custom dining table for my new home in Fitzroy.,LOST,,7,14,21,28,7,Tasmanian Oak,2,2400,9092.307692307691,2026-08-31,,,,On Time,0,0
1015,915,Dining Table,I'm looking for a custom dining table for my new home in Fitzroy.,DELIVERED,,9,18,27,36,9,Tasmanian Oak,2,2400,10661.538461538461,2026-08-31,2026-09-14,2026-08-31,2026-09-22,On Time,0,0
1016,916,Sideboard,We'd like a quote on a custom sideboard for our Hawthorn home.,DELIVERED,,10,20,30,40,10,American Walnut,2,5000,15250,2026-09-01,2026-09-18,2026-09-01,2026-09-23,On Time,0,0
1017,917,Sideboard,We'd like a quote on a custom sideboard for our Hawthorn home.,LOST,,10,20,30,40,10,Tasmanian Oak,2,2400,11350,2026-09-01,,,,On Time,0,0
1018,918,Sideboard,We'd like a quote on a custom sideboard for our Hawthorn home.,LOST,,9,18,27,36,9,Victorian Ash,2,2800,11175,2026-09-02,,,,On Time,0,0
1019,919,Dining Table,I'm looking for a custom dining table for my new home in Fitzroy.,DELIVERED,,9,18,27,36,9,Tasmanian Oak,2,2400,10575,2026-09-02,2026-09-17,2026-09-02,2026-09-24,On Time,0,0
1020,920,Dining Table,I'm looking for a custom dining table for my new home in Fitzroy.,LOST,,10,20,30,40,10,Tasmanian Oak,2,2400,11350,2026-09-03,,,,On Time,0,0
1021,921,Media Console,Requesting a quote for a minimalist media console for a St Kilda residence.,DELIVERED,,4,8,12,16,4,American Walnut,1,2500,6850,2026-09-03,2026-09-10,2026-09-03,2026-09-15,On Time,0,0
1022,922,Office Desk,We need a set of bespoke office desks for our startup in Richmond.,DELIVERED,,7,14,21,28,7,Victorian Ash,2,2800,9625,2026-09-04,2026-09-16,2026-09-04,2026-09-21,On Time,0,0
1023,923,Sideboard,We'd like a quote on a custom sideboard for our Hawthorn home.,DELIVERED,,11,22,33,44,11,Victorian Ash,3,4200,14825,2026-09-04,2026-09-20,2026-09-04,2026-09-28,On Time,0,0
1024,924,Dining Table,I'm looking for a custom dining table for my new home in Fitzroy.,LOST,,8,16,24,32,8,Tasmanian Oak,2,2400,9800,2026-09-05,,,,On Time,0,0
1025,925,Bookshelf,Can you create a handcrafted bookshelf for our apartment in South Yarra?,DELIVERED,,5,10,15,20,5,American Walnut,1,2500,7625,2026-09-05,2026-09-13,2026-09-05,2026-09-20,On Time,0,0
1026,926,Dining Table,I'm looking for a custom dining table for my new home in Fitzroy.,LOST,,9,18,27,36,9,Tasmanian Oak,2,2400,10575,2026-09-06,,,,On Time,0,0
1027,927,Bookshelf,Can you create a handcrafted bookshelf for our apartment in South Yarra?,LOST,,8,16,24,32,8,Victorian Ash,2,2800,10400,2026-09-06,,,,On Time,0,0
1028,928,Media Console,Requesting a quote for a minimalist media console for a St Kilda residence.,LOST,,6,12,18,24,6,American Walnut,2,5000,12150,2026-09-07,,,,On Time,0,0
1029,929,Bookshelf,Can you create a handcrafted bookshelf for our apartment in South Yarra?,DELIVERED,,6,12,18,24,6,Victorian Ash,2,2800,8850,2026-09-07,2026-09-17,2026-09-07,2026-09-23,On Time,0,0
1030,930,Media Console,Requesting a quote for a minimalist media console for a St Kilda residence.,DELIVERED,,5,10,15,20,5,Victorian Ash,1,1400,5975,2026-09-08,2026-09-18,2026-09-08,2026-09-23,On Time,0,0
1031,931,Office Desk,We need a set of bespoke office desks for our startup in Richmond.,LOST,,8,16,24,32,8,Victorian Ash,2,2800,10400,2026-09-09,,,,On Time,0,0
1032,932,Office Desk,We need a set of bespoke office desks for our startup in Richmond.,LOST,,9,18,27,36,9,American Walnut,2,5000,14475,2026-09-09,,,,On Time,0,0
1033,933,Bookshelf,Can you create a handcrafted bookshelf for our apartment in South Yarra?,DELIVERED,,8,16,24,32,8,Tasmanian Oak,2,2400,9800,2026-09-10,2026-09-22,2026-09-10,2026-09-27,On Time,0,0
1034,934,Media Console,Requesting a quote for a minimalist media console for a St Kilda residence.,LOST,,7,14,21,28,7,Victorian Ash,2,2800,9625,2026-09-10,,,,On Time,0,0
1035,935,Bookshelf,Can you create a handcrafted bookshelf for our apartment in South Yarra?,LOST,,5,10,15,20,5,American Walnut,1,2500,7673.076923076924,2026-09-11,,,,On Time,0,0
1036,936,Office Desk,We need a set of bespoke office desks for our startup in Richmond.,LOST,,8,16,24,32,8,Tasmanian Oak,2,2400,9876.923076923078,2026-09-11,,,,On Time,0,0
1037,937,Dining Table,I'm looking for a custom dining table for my new home in Fitzroy.,LOST,,10,20,30,40,10,Victorian Ash,2,2800,12046.153846153848,2026-09-12,,,,On Time,0,0
1038,938,Media Console,Requesting a quote for a minimalist media console for a St Kilda residence.,LOST,,6,12,18,24,6,American Walnut,2,5000,12207.692307692309,2026-09-12,,,,On Time,0,0
1039,939,Bookshelf,Can you create a handcrafted bookshelf for our apartment in South Yarra?,LOST,,8,16,24,32,8,Tasmanian Oak,2,2400,9876.923076923078,2026-09-13,,,,On Time,0,0
1040,940,Sideboard,We'd like a quote on a custom sideboard for our Hawthorn home.,LOST,,9,18,27,36,9,Victorian Ash,2,2800,11261.538461538461,2026-09-13,,,,On Time,0,0
1041,941,Sideboard,We'd like a quote on a custom sideboard for our Hawthorn home.,LOST,,10,20,30,40,10,Tasmanian Oak,2,2400,11446.153846153848,2026-09-14,,,,On Time,0,0
1042,942,Sideboard,We'd like a quote on a custom sideboard for our Hawthorn home.,LOST,,11,22,33,44,11,Victorian Ash,3,4200,14930.76923076923,2026-09-14,,,,On Time,0,0
1043,943,Office Desk,We need a set of bespoke office desks for our startup in Richmond.,DELIVERED,,6,12,18,24,6,American Walnut,2,5000,12207.692307692309,2026-09-15,2026-09-24,2026-09-15,2026-10-01,On Time,0,0
1044,944,Sideboard,We'd like a quote on a custom sideboard for our Hawthorn home.,LOST,,11,22,33,44,11,Tasmanian Oak,3,3600,14030.76923076923,2026-09-15,,,,On Time,0,0
1045,945,Bookshelf,Can you create a handcrafted bookshelf for our apartment in South Yarra?,DELIVERED,,8,16,24,32,8,Tasmanian Oak,2,2400,9876.923076923078,2026-09-16,2026-09-26,2026-09-16,2026-10-03,On Time,0,0
1046,946,Dining Table,I'm looking for a custom dining table for my new home in Fitzroy.,LOST,,7,14,21,28,7,American Walnut,2,5000,12992.307692307691,2026-09-16,,,,On Time,0,0
1047,947,Office Desk,We need a set of bespoke office desks for our startup in Richmond.,DELIVERED,,7,14,21,28,7,American Walnut,2,5000,12992.307692307691,2026-09-17,2026-09-29,2026-09-17,2026-10-04,On Time,0,0
1048,948,Bookshelf,Can you create a handcrafted bookshelf for our apartment in South Yarra?,LOST,,6,12,18,24,6,Victorian Ash,2,2800,8907.692307692309,2026-09-17,,,,On Time,0,0
1049,949,Sideboard,We'd like a quote on a custom sideboard for our Hawthorn home.,LOST,,8,16,24,32,8,Tasmanian Oak,2,2400,9876.923076923078,2026-09-18,,,,On Time,0,0
1050,950,Media Console,Requesting a quote for a minimalist media console for a St Kilda residence.,DELIVERED,,4,8,12,16,4,Tasmanian Oak,1,1200,4938.461538461539,2026-09-18,2026-09-25,2026-09-18,2026-09-30,On Time,0,0
1051,951,Office Desk,We need a set of bespoke office desks for our startup in Richmond.,DELIVERED,,6,12,18,24,6,American Walnut,2,5000,12207.692307692309,2026-09-19,2026-09-30,2026-09-19,2026-10-05,On Time,0,0
1052,952,Dining Table,I'm looking for a custom dining table for my new home in Fitzroy.,DELIVERED,,8,16,24,32,8,Victorian Ash,2,2800,10476.923076923078,2026-09-20,2026-09-30,2026-09-20,2026-10-07,On Time,0,0
1053,953,Sideboard,We'd like a quote on a custom sideboard for our Hawthorn home.,DELIVERED,,8,16,24,32,8,Victorian Ash,2,2800,10476.923076923078,2026-09-20,2026-10-01,2026-09-20,2026-10-07,On Time,0,0
1054,954,Dining Table,I'm looking for a custom dining table for my new home in Fitzroy.,DELIVERED,,7,14,21,28,7,Victorian Ash,2,2800,9692.307692307691,2026-09-21,2026-10-04,2026-09-21,2026-10-08,On Time,0,0
1055,955,Media Console,Requesting a quote for a minimalist media console for a St Kilda residence.,DELIVERED,,7,14,21,28,7,American Walnut,2,5000,12992.307692307691,2026-09-22,2026-10-05,2026-09-22,2026-10-09,On Time,0,0
1056,956,Office Desk,We need a set of bespoke office desks for our startup in Richmond.,LOST,,6,12,18,24,6,American Walnut,2,5000,12207.692307692309,2026-09-22,,,,On Time,0,0
1057,957,Media Console,Requesting a quote for a minimalist media console for a St Kilda residence.,DELIVERED,,7,14,21,28,7,Victorian Ash,2,2800,9692.307692307691,2026-09-23,2026-10-05,2026-09-23,2026-10-10,On Time,0,0
1058,958,Dining Table,I'm looking for a custom dining table for my new home in Fitzroy.,DELIVERED,,8,16,24,32,8,American Walnut,2,5000,13776.923076923078,2026-09-23,2026-10-05,2026-09-23,2026-10-10,On Time,0,0
1059,959,Bookshelf,Can you create a handcrafted bookshelf for our apartment in South Yarra?,DELIVERED,,6,12,18,24,6,Tasmanian Oak,2,2400,8307.692307692309,2026-09-24,2026-10-06,2026-09-24,2026-10-10,On Time,0,0
1060,960,Media Console,Requesting a quote for a minimalist media console for a St Kilda residence.,DELIVERED,,6,12,18,24,6,Victorian Ash,2,2800,8907.692307692309,2026-09-25,2026-10-07,2026-09-25,2026-10-11,On Time,0,0
1061,961,Office Desk,We need a set of bespoke office desks for our startup in Richmond.,LOST,,9,18,27,36,9,American Walnut,2,5000,14561.538461538461,2026-09-25,,,,On Time,0,0
1062,962,Bookshelf,Can you create a handcrafted bookshelf for our apartment in South Yarra?,LOST,,5,10,15,20,5,American Walnut,1,2500,7673.076923076924,2026-09-26,,,,On Time,0,0
1063,963,Bookshelf,Can you create a handcrafted bookshelf for our apartment in South Yarra?,LOST,,6,12,18,24,6,Tasmanian Oak,2,2400,8307.692307692309,2026-09-26,,,,On Time,0,0
1064,964,Media Console,Requesting a quote for a minimalist media console for a St Kilda residence.,LOST,,5,10,15,20,5,Victorian Ash,1,1400,6023.076923076924,2026-09-27,,,,On Time,0,0
1065,965,Dining Table,I'm looking for a custom dining table for my new home in Fitzroy.,LOST,,7,14,21,28,7,Victorian Ash,2,2800,9692.307692307691,2026-09-27,,,,On Time,0,0
1066,966,Office Desk,We need a set of bespoke office desks for our startup in Richmond.,DELIVERED,,8,16,24,32,8,American Walnut,2,5000,13776.923076923078,2026-09-28,2026-10-09,2026-09-28,2026-10-15,On Time,0,0
1067,967,Bookshelf,Can you create a handcrafted bookshelf for our apartment in South Yarra?,LOST,,8,16,24,32,8,Victorian Ash,2,2800,10476.923076923078,2026-09-29,,,,On Time,0,0
1068,968,Sideboard,We'd like a quote on a custom sideboard for our Hawthorn home.,LOST,,9,18,27,36,9,Victorian Ash,2,2800,11261.538461538461,2026-09-30,,,,On Time,0,0
1069,969,Bookshelf,Can you create a handcrafted bookshelf for our apartment in South Yarra?,DELIVERED,,6,12,18,24,6,Victorian Ash,2,2800,8907.692307692309,2026-09-30,2026-10-11,2026-09-30,2026-10-16,On Time,0,0
1070,970,Media Console,Requesting a quote for a minimalist media console for a St Kilda residence.,LOST,,6,12,18,24,6,American Walnut,2,5000,12207.692307692309,2026-10-01,,,,On Time,0,0
1071,971,Bookshelf,Can you create a handcrafted bookshelf for our apartment in South Yarra?,LOST,,7,14,21,28,7,American Walnut,2,5000,12992.307692307691,2026-10-01,,,,On Time,0,0
1072,972,Media Console,Requesting a quote for a minimalist media console for a St Kilda residence.,DELIVERED,,5,10,15,20,5,American Walnut,1,2500,7673.076923076924,2026-10-02,2026-10-11,2026-10-02,2026-10-17,On Time,0,0
1073,973,Office Desk,We need a set of bespoke office desks for our startup in Richmond.,LOST,,8,16,24,32,8,Victorian Ash,2,2800,10476.923076923078,2026-10-02,,,,On Time,0,0
1074,974,Dining Table,I'm looking for a custom dining table for my new home in Fitzroy.,LOST,,8,16,24,32,8,American Walnut,2,5000,13776.923076923078,2026-10-03,,,,On Time,0,0
1075,975,Office Desk,We need a set of bespoke office desks for our startup in Richmond.,LOST,,9,18,27,36,9,Tasmanian Oak,2,2400,10661.538461538461,2026-10-03,,,,On Time,0,0
1076,976,Bookshelf,Can you create a handcrafted bookshelf for our apartment in South Yarra?,LOST,,8,16,24,32,8,American Walnut,2,5000,13776.923076923078,2026-10-04,,,,On Time,0,0
1077,977,Office Desk,We need a set of bespoke office desks for our startup in Richmond.,DELIVERED,,9,18,27,36,9,Tasmanian Oak,2,2400,10661.538461538461,2026-10-04,2026-10-19,2026-10-04,2026-10-26,On Time,0,0
1078,978,Office Desk,We need a set of bespoke office desks for our startup in Richmond.,LOST,,9,18,27,36,9,American Walnut,2,5000,14561.538461538461,2026-10-05,,,,On Time,0,0
1079,979,Office Desk,We need a set of bespoke office desks for our startup in Richmond.,LOST,,9,18,27,36,9,Tasmanian Oak,2,2400,10661.538461538461,2026-10-05,,,,On Time,0,0
1080,980,Office Desk,We need a set of bespoke office desks for our startup in Richmond.,DELIVERED,,6,12,18,24,6,Victorian Ash,2,2800,8907.692307692309,2026-10-05,2026-10-15,2026-10-05,2026-10-21,On Time,0,0
1081,981,Dining Table,I'm looking for a custom dining table for my new home in Fitzroy.,DELIVERED,,8,16,24,32,8,American Walnut,2,5000,13776.923076923078,2026-10-06,2026-10-17,2026-10-06,2026-10-23,On Time,0,0
1082,982,Dining Table,I'm looking for a custom dining table for my new home in Fitzroy.,LOST,,8,16,24,32,8,American Walnut,2,5000,13776.923076923078,2026-10-06,,,,On Time,0,0
1083,983,Media Console,Requesting a quote for a minimalist media console for a St Kilda residence.,LOST,,6,12,18,24,6,Victorian Ash,2,2800,8907.692307692309,2026-10-07,,,,On Time,0,0
1084,984,Dining Table,I'm looking for a custom dining table for my new home in Fitzroy.,LOST,,7,14,21,28,7,Victorian Ash,2,2800,9692.307692307691,2026-10-07,,,,On Time,0,0
1085,985,Media Console,Requesting a quote for a minimalist media console for a St Kilda residence.,LOST,,7,14,21,28,7,Victorian Ash,2,2800,9692.307692307691,2026-10-08,,,,On Time,0,0
1086,986,Bookshelf,Can you create a handcrafted bookshelf for our apartment in South Yarra?,LOST,,8,16,24,32,8,Victorian Ash,2,2800,10476.923076923078,2026-10-08,,,,On Time,0,0
1087,987,Bookshelf,Can you create a handcrafted bookshelf for our apartment in South Yarra?,DELIVERED,,7,14,21,28,7,American Walnut,2,5000,12992.307692307691,2026-10-09,2026-10-20,2026-10-09,2026-10-26,On Time,0,0
1088,988,Office Desk,We need a set of bespoke office desks for our startup in Richmond.,LOST,,7,14,21,28,7,Tasmanian Oak,2,2400,9092.307692307691,2026-10-09,,,,On Time,0,0
1089,989,Bookshelf,Can you create a handcrafted bookshelf for our apartment in South Yarra?,DELIVERED,,6,12,18,24,6,Tasmanian Oak,2,2400,8307.692307692309,2026-10-10,2026-10-19,2026-10-10,2026-10-26,On Time,0,0
1090,990,Office Desk,We need a set of bespoke office desks for our startup in Richmond.,LOST,,7,14,21,28,7,Tasmanian Oak,2,2400,9092.307692307691,2026-10-10,,,,On Time,0,0
1091,991,Sideboard,We'd like a quote on a custom sideboard for our Hawthorn home.,DELIVERED,,11,22,33,44,11,American Walnut,3,7500,19880.76923076923,2026-10-11,2026-10-27,2026-10-11,2026-11-04,On Time,0,0
1092,992,Dining Table,I'm looking for a custom dining table for my new home in Fitzroy.,LOST,,9,18,27,36,9,Tasmanian Oak,2,2400,10661.538461538461,2026-10-11,,,,On Time,0,0
1093,993,Office Desk,We need a set of bespoke office desks for our startup in Richmond.,DELIVERED,,6,12,18,24,6,American Walnut,2,5000,12207.692307692309,2026-10-11,2026-10-21,2026-10-11,2026-10-27,On Time,0,0
1094,994,Office Desk,We need a set of bespoke office desks for our startup in Richmond.,DELIVERED,,8,16,24,32,8,American Walnut,2,5000,13776.923076923078,2026-10-12,2026-10-22,2026-10-12,2026-10-29,On Time,0,0
1095,995,Office Desk,We need a set of bespoke office desks for our startup in Richmond.,LOST,,6,12,18,24,6,American Walnut,2,5000,12207.692307692309,2026-10-12,,,,On Time,0,0
1096,996,Sideboard,We'd like a quote on a custom sideboard for our Hawthorn home.,LOST,,9,18,27,36,9,Victorian Ash,2,2800,11261.538461538461,2026-10-13,,,,On Time,0,0
1097,997,Media Console,Requesting a quote for a minimalist media console for a St Kilda residence.,LOST,,6,12,18,24,6,American Walnut,2,5000,12207.692307692309,2026-10-13,,,,On Time,0,0
1098,998,Media Console,Requesting a quote for a minimalist media console for a St Kilda residence.,LOST,,4,8,12,16,4,American Walnut,1,2500,6888.461538461539,2026-10-14,,,,On Time,0,0
1099,999,Bookshelf,Can you create a handcrafted bookshelf for our apartment in South Yarra?,LOST,,5,10,15,20,5,American Walnut,1,2500,7673.076923076924,2026-10-14,,,,On Time,0,0
1100,1000,Media Console,Requesting a quote for a minimalist media console for a St Kilda residence.,LOST,,6,12,18,24,6,Victorian Ash,2,2800,8907.692307692309,2026-10-15,,,,On Time,0,0
1101,1001,Office Desk,We need a set of bespoke office desks for our startup in Richmond.,DELIVERED,,8,16,24,32,8,Tasmanian Oak,2,2400,9876.923076923078,2026-10-15,2026-10-29,2026-10-15,2026-11-01,On Time,0,0
1102,1002,Media Console,Requesting a quote for a minimalist media console for a St Kilda residence.,LOST,,6,12,18,24,6,Tasmanian Oak,2,2400,8307.692307692309,2026-10-16,,,,On Time,0,0
1103,1003,Office Desk,We need a set of bespoke office desks for our startup in Richmond.,LOST,,9,18,27,36,9,Victorian Ash,2,2800,11261.538461538461,2026-10-16,,,,On Time,0,0
1104,1004,Dining Table,I'm looking for a custom dining table for my new home in Fitzroy.,LOST,,8,16,24,32,8,American Walnut,2,5000,13776.923076923078,2026-10-16,,,,On Time,0,0
1105,1005,Media Console,Requesting a quote for a minimalist media console for a St Kilda residence.,DELIVERED,,7,14,21,28,7,American Walnut,2,5000,12992.307692307691,2026-10-17,2026-10-27,2026-10-17,2026-11-03,On Time,0,0
1106,1006,Dining Table,I'm looking for a custom dining table for my new home in Fitzroy.,LOST,,9,18,27,36,9,American Walnut,2,5000,14561.538461538461,2026-10-17,,,,On Time,0,0
1107,1007,Sideboard,We'd like a quote on a custom sideboard for our Hawthorn home.,DELIVERED,,9,18,27,36,9,Tasmanian Oak,2,2400,10661.538461538461,2026-10-18,2026-11-01,2026-10-18,2026-11-09,On Time,0,0
1108,1008,Bookshelf,Can you create a handcrafted bookshelf for our apartment in South Yarra?,LOST,,8,16,24,32,8,Victorian Ash,2,2800,10476.923076923078,2026-10-18,,,,On Time,0,0
1109,1009,Media Console,Requesting a quote for a minimalist media console for a St Kilda residence.,DELIVERED,,6,12,18,24,6,Victorian Ash,2,2800,8907.692307692309,2026-10-19,2026-10-29,2026-10-19,2026-11-04,On Time,0,0
1110,1010,Dining Table,I'm looking for a custom dining table for my new home in Fitzroy.,LOST,,9,18,27,36,9,Tasmanian Oak,2,2400,10661.538461538461,2026-10-19,,,,On Time,0,0
1111,1011,Sideboard,We'd like a quote on a custom sideboard for our Hawthorn home.,LOST,,11,22,33,44,11,Victorian Ash,3,4200,14930.76923076923,2026-10-20,,,,On Time,0,0
1112,1012,Bookshelf,Can you create a handcrafted bookshelf for our apartment in South Yarra?,LOST,,5,10,15,20,5,Tasmanian Oak,1,1200,5723.076923076924,2026-10-20,,,,On Time,0,0
1113,1013,Dining Table,I'm looking for a custom dining table for my new home in Fitzroy.,LOST,,9,18,27,36,9,Victorian Ash,2,2800,11261.538461538461,2026-10-21,,,,On Time,0,0
1114,1014,Media Console,Requesting a quote for a minimalist media console for a St Kilda residence.,LOST,,6,12,18,24,6,American Walnut,2,5000,12207.692307692309,2026-10-21,,,,On Time,0,0
1115,1015,Media Console,Requesting a quote for a minimalist media console for a St Kilda residence.,LOST,,5,10,15,20,5,Victorian Ash,1,1400,6023.076923076924,2026-10-22,,,,On Time,0,0
1116,1016,Office Desk,We need a set of bespoke office desks for our startup in Richmond.,LOST,,7,14,21,28,7,Victorian Ash,2,2800,9692.307692307691,2026-10-22,,,,On Time,0,0
1117,1017,Office Desk,We need a set of bespoke office desks for our startup in Richmond.,LOST,,9,18,27,36,9,Victorian Ash,2,2800,11261.538461538461,2026-10-23,,,,On Time,0,0
1118,1018,Sideboard,We'd like a quote on a custom sideboard for our Hawthorn home.,LOST,,10,20,30,40,10,American Walnut,2,5000,15346.153846153848,2026-10-23,,,,On Time,0,0
1119,1019,Office Desk,We need a set of bespoke office desks for our startup in Richmond.,DELIVERED,,6,12,18,24,6,Victorian Ash,2,2800,8907.692307692309,2026-10-23,2026-11-03,2026-10-23,2026-11-08,On Time,0,0
1120,1020,Sideboard,We'd like a quote on a custom sideboard for our Hawthorn home.,LOST,,9,18,27,36,9,Victorian Ash,2,2800,11261.538461538461,2026-10-24,,,,On Time,0,0
1121,1021,Media Console,Requesting a quote for a minimalist media console for a St Kilda residence.,LOST,,5,10,15,20,5,Tasmanian Oak,1,1200,5723.076923076924,2026-10-24,,,,On Time,0,0
1122,1022,Sideboard,We'd like a quote on a custom sideboard for our Hawthorn home.,LOST,,10,20,30,40,10,Tasmanian Oak,2,2400,11446.153846153848,2026-10-25,,,,On Time,0,0
1123,1023,Dining Table,I'm looking for a custom dining table for my new home in Fitzroy.,LOST,,8,16,24,32,8,Tasmanian Oak,2,2400,9876.923076923078,2026-10-25,,,,On Time,0,0
1124,1024,Dining Table,I'm looking for a custom dining table for my new home in Fitzroy.,LOST,,9,18,27,36,9,Tasmanian Oak,2,2400,10661.538461538461,2026-10-26,,,,On Time,0,0
1125,1025,Office Desk,We need a set of bespoke office desks for our startup in Richmond.,LOST,,9,18,27,36,9,American Walnut,2,5000,14561.538461538461,2026-10-26,,,,On Time,0,0
1126,1026,Sideboard,We'd like a quote on a custom sideboard for our Hawthorn home.,DELIVERED,,9,18,27,36,9,American Walnut,2,5000,14561.538461538461,2026-10-27,2026-11-10,2026-10-27,2026-11-18,On Time,0,0
1127,1027,Office Desk,We need a set of bespoke office desks for our startup in Richmond.,LOST,,9,18,27,36,9,American Walnut,2,5000,14561.538461538461,2026-10-27,,,,On Time,0,0
1128,1028,Bookshelf,Can you create a handcrafted bookshelf for our apartment in South Yarra?,LOST,,6,12,18,24,6,Tasmanian Oak,2,2400,8307.692307692309,2026-10-27,,,,On Time,0,0
1129,1029,Bookshelf,Can you create a handcrafted bookshelf for our apartment in South Yarra?,DELIVERED,,6,12,18,24,6,Victorian Ash,2,2800,8907.692307692309,2026-10-28,2026-11-07,2026-10-28,2026-11-13,On Time,0,0
1130,1030,Bookshelf,Can you create a handcrafted bookshelf for our apartment in South Yarra?,DELIVERED,,6,12,18,24,6,Victorian Ash,2,2800,8907.692307692309,2026-10-28,2026-11-07,2026-10-28,2026-11-13,On Time,0,0
1131,1031,Dining Table,I'm looking for a custom dining table for my new home in Fitzroy.,LOST,,7,14,21,28,7,Tasmanian Oak,2,2400,9092.307692307691,2026-10-28,,,,On Time,0,0
1132,1032,Bookshelf,Can you create a handcrafted bookshelf for our apartment in South Yarra?,LOST,,8,16,24,32,8,American Walnut,2,5000,13776.923076923078,2026-10-29,,,,On Time,0,0
1133,1033,Media Console,Requesting a quote for a minimalist media console for a St Kilda residence.,DELIVERED,,6,12,18,24,6,Tasmanian Oak,2,2400,8307.692307692309,2026-10-29,2026-11-07,2026-10-29,2026-11-14,On Time,0,0
1134,1034,Bookshelf,Can you create a handcrafted bookshelf for our apartment in South Yarra?,LOST,,8,16,24,32,8,Victorian Ash,2,2800,10476.923076923078,2026-10-29,,,,On Time,0,0
1135,1035,Office Desk,We need a set of bespoke office desks for our startup in Richmond.,LOST,,7,14,21,28,7,American Walnut,2,5000,12992.307692307691,2026-10-30,,,,On Time,0,0
1136,1036,Media Console,Requesting a quote for a minimalist media console for a St Kilda residence.,DELIVERED,,6,12,18,24,6,Tasmanian Oak,2,2400,8307.692307692309,2026-10-30,2026-11-08,2026-10-30,2026-11-15,On Time,0,0
1137,1037,Sideboard,We'd like a quote on a custom sideboard for our Hawthorn home.,LOST,,9,18,27,36,9,Victorian Ash,2,2800,11261.538461538461,2026-10-31,,,,On Time,0,0
1138,1038,Dining Table,I'm looking for a custom dining table for my new home in Fitzroy.,LOST,,7,14,21,28,7,American Walnut,2,5000,12992.307692307691,2026-10-31,,,,On Time,0,0
1139,1039,Office Desk,We need a set of bespoke office desks for our startup in Richmond.,LOST,,6,12,18,24,6,Victorian Ash,2,2800,8907.692307692309,2026-10-31,,,,On Time,0,0
1140,1040,Media Console,Requesting a quote for a minimalist media console for a St Kilda residence.,DELIVERED,,5,10,15,20,5,Victorian Ash,1,1400,6023.076923076924,2026-11-01,2026-11-11,2026-11-01,2026-11-16,On Time,0,0
1141,1041,Office Desk,We need a set of bespoke office desks for our startup in Richmond.,LOST,,8,16,24,32,8,American Walnut,2,5000,13776.923076923078,2026-11-01,,,,On Time,0,0
1142,1042,Office Desk,We need a set of bespoke office desks for our startup in Richmond.,DELIVERED,,6,12,18,24,6,American Walnut,2,5000,12207.692307692309,2026-11-02,2026-11-11,2026-11-02,2026-11-18,On Time,0,0
1143,1043,Bookshelf,Can you create a handcrafted bookshelf for our apartment in South Yarra?,LOST,,5,10,15,20,5,Victorian Ash,1,1400,6023.076923076924,2026-11-02,,,,On Time,0,0
1144,1044,Sideboard,We'd like a quote on a custom sideboard for our Hawthorn home.,LOST,,10,20,30,40,10,Tasmanian Oak,2,2400,11446.153846153848,2026-11-03,,,,On Time,0,0
1145,1045,Bookshelf,Can you create a handcrafted bookshelf for our apartment in South Yarra?,DELIVERED,,5,10,15,20,5,American Walnut,1,2500,7673.076923076924,2026-11-03,2026-11-12,2026-11-03,2026-11-18,On Time,0,0
1146,1046,Office Desk,We need a set of bespoke office desks for our startup in Richmond.,DELIVERED,,9,18,27,36,9,Victorian Ash,2,2800,11261.538461538461,2026-11-04,2026-11-19,2026-11-04,2026-11-26,On Time,0,0
1147,1047,Dining Table,I'm looking for a custom dining table for my new home in Fitzroy.,DELIVERED,,10,20,30,40,10,American Walnut,2,5000,15346.153846153848,2026-11-04,2026-11-19,2026-11-04,2026-11-26,On Time,0,0
1148,1048,Sideboard,We'd like a quote on a custom sideboard for our Hawthorn home.,LOST,,9,18,27,36,9,Tasmanian Oak,2,2400,10661.538461538461,2026-11-04,,,,On Time,0,0
1149,1049,Bookshelf,Can you create a handcrafted bookshelf for our apartment in South Yarra?,DELIVERED,,8,16,24,32,8,Victorian Ash,2,2800,10476.923076923078,2026-11-05,2026-11-16,2026-11-05,2026-11-22,On Time,0,0
1150,1050,Media Console,Requesting a quote for a minimalist media console for a St Kilda residence.,LOST,,5,10,15,20,5,Victorian Ash,1,1400,6023.076923076924,2026-11-05,,,,On Time,0,0
1151,1051,Sideboard,We'd like a quote on a custom sideboard for our Hawthorn home.,LOST,,9,18,27,36,9,Victorian Ash,2,2800,11261.538461538461,2026-11-06,,,,On Time,0,0
1152,1052,Office Desk,We need a set of bespoke office desks for our startup in Richmond.,LOST,,7,14,21,28,7,Victorian Ash,2,2800,9692.307692307691,2026-11-06,,,,On Time,0,0
1153,1053,Dining Table,I'm looking for a custom dining table for my new home in Fitzroy.,LOST,,8,16,24,32,8,Victorian Ash,2,2800,10476.923076923078,2026-11-06,,,,On Time,0,0
1154,1054,Office Desk,We need a set of bespoke office desks for our startup in Richmond.,LOST,,9,18,27,36,9,Tasmanian Oak,2,2400,10661.538461538461,2026-11-07,,,,On Time,0,0
1155,1055,Dining Table,I'm looking for a custom dining table for my new home in Fitzroy.,DELIVERED,,8,16,24,32,8,Tasmanian Oak,2,2400,9876.923076923078,2026-11-07,2026-11-19,2026-11-07,2026-11-24,On Time,0,0
1156,1056,Office Desk,We need a set of bespoke office desks for our startup in Richmond.,DELIVERED,,7,14,21,28,7,Tasmanian Oak,2,2400,9092.307692307691,2026-11-08,2026-11-20,2026-11-08,2026-11-25,On Time,0,0
1157,1057,Office Desk,We need a set of bespoke office desks for our startup in Richmond.,LOST,,8,16,24,32,8,Tasmanian Oak,2,2400,9876.923076923078,2026-11-08,,,,On Time,0,0
1158,1058,Dining Table,I'm looking for a custom dining table for my new home in Fitzroy.,LOST,,9,18,27,36,9,Tasmanian Oak,2,2400,10661.538461538461,2026-11-08,,,,On Time,0,0
1159,1059,Bookshelf,Can you create a handcrafted bookshelf for our apartment in South Yarra?,DELIVERED,,8,16,24,32,8,Tasmanian Oak,2,2400,9876.923076923078,2026-11-09,2026-11-21,2026-11-09,2026-11-26,On Time,0,0
1160,1060,Media Console,Requesting a quote for a minimalist media console for a St Kilda residence.,LOST,,5,10,15,20,5,American Walnut,1,2500,7673.076923076924,2026-11-09,,,,On Time,0,0
1161,1061,Office Desk,We need a set of bespoke office desks for our startup in Richmond.,DELIVERED,,7,14,21,28,7,American Walnut,2,5000,12992.307692307691,2026-11-10,2026-11-20,2026-11-10,2026-11-27,On Time,0,0
1162,1062,Sideboard,We'd like a quote on a custom sideboard for our Hawthorn home.,DELIVERED,,9,18,27,36,9,Victorian Ash,2,2800,11261.538461538461,2026-11-10,2026-11-24,2026-11-10,2026-12-02,On Time,0,0
1163,1063,Media Console,Requesting a quote for a minimalist media console for a St Kilda residence.,DELIVERED,,7,14,21,28,7,Tasmanian Oak,2,2400,9092.307692307691,2026-11-11,2026-11-24,2026-11-11,2026-11-28,On Time,0,0
1164,1064,Media Console,Requesting a quote for a minimalist media console for a St Kilda residence.,LOST,,6,12,18,24,6,American Walnut,2,5000,12207.692307692309,2026-11-11,,,,On Time,0,0
1165,1065,Dining Table,I'm looking for a custom dining table for my new home in Fitzroy.,LOST,,8,16,24,32,8,Victorian Ash,2,2800,10476.923076923078,2026-11-12,,,,On Time,0,0
1166,1066,Sideboard,We'd like a quote on a custom sideboard for our Hawthorn home.,DELIVERED,,9,18,27,36,9,Victorian Ash,2,2800,11261.538461538461,2026-11-12,2026-11-30,2026-11-12,2026-12-04,On Time,0,0
1167,1067,Sideboard,We'd like a quote on a custom sideboard for our Hawthorn home.,LOST,,11,22,33,44,11,American Walnut,3,7500,19880.76923076923,2026-11-13,,,,On Time,0,0
1168,1068,Media Console,Requesting a quote for a minimalist media console for a St Kilda residence.,DELIVERED,,5,10,15,20,5,Tasmanian Oak,1,1200,5723.076923076924,2026-11-13,2026-11-27,2026-11-13,2026-11-28,On Time,0,0
1169,1069,Sideboard,We'd like a quote on a custom sideboard for our Hawthorn home.,LOST,,11,22,33,44,11,Tasmanian Oak,3,3600,14030.76923076923,2026-11-13,,,,On Time,0,0
1170,1070,Sideboard,We'd like a quote on a custom sideboard for our Hawthorn home.,LOST,,9,18,27,36,9,Victorian Ash,2,2800,11261.538461538461,2026-11-14,,,,On Time,0,0
1171,1071,Dining Table,I'm looking for a custom dining table for my new home in Fitzroy.,DELIVERED,,8,16,24,32,8,Victorian Ash,2,2800,10476.923076923078,2026-11-14,2026-11-27,2026-11-14,2026-12-01,On Time,0,0
1172,1072,Sideboard,We'd like a quote on a custom sideboard for our Hawthorn home.,LOST,,9,18,27,36,9,Victorian Ash,2,2800,11261.538461538461,2026-11-15,,,,On Time,0,0
1173,1073,Office Desk,We need a set of bespoke office desks for our startup in Richmond.,LOST,,7,14,21,28,7,Tasmanian Oak,2,2400,9092.307692307691,2026-11-15,,,,On Time,0,0
1174,1074,Media Console,Requesting a quote for a minimalist media console for a St Kilda residence.,DELIVERED,,5,10,15,20,5,Victorian Ash,1,1400,6023.076923076924,2026-11-15,2026-11-28,2026-11-15,2026-11-30,On Time,0,0
1175,1075,Sideboard,We'd like a quote on a custom sideboard for our Hawthorn home.,LOST,,10,20,30,40,10,Tasmanian Oak,2,2400,11446.153846153848,2026-11-16,,,,On Time,0,0
1176,1076,Media Console,Requesting a quote for a minimalist media console for a St Kilda residence.,LOST,,4,8,12,16,4,Victorian Ash,1,1400,5238.461538461539,2026-11-16,,,,On Time,0,0
1177,1077,Bookshelf,Can you create a handcrafted bookshelf for our apartment in South Yarra?,LOST,,5,10,15,20,5,Tasmanian Oak,1,1200,5723.076923076924,2026-11-16,,,,On Time,0,0
1178,1078,Sideboard,We'd like a quote on a custom sideboard for our Hawthorn home.,DELIVERED,,8,16,24,32,8,American Walnut,2,5000,13776.923076923078,2026-11-17,2026-11-29,2026-11-17,2026-12-04,On Time,0,0
1179,1079,Sideboard,We'd like a quote on a custom sideboard for our Hawthorn home.,LOST,,11,22,33,44,11,American Walnut,3,7500,19880.76923076923,2026-11-17,,,,On Time,0,0
1180,1080,Bookshelf,Can you create a handcrafted bookshelf for our apartment in South Yarra?,LOST,,5,10,15,20,5,American Walnut,1,2500,7673.076923076924,2026-11-18,,,,On Time,0,0
1181,1081,Sideboard,We'd like a quote on a custom sideboard for our Hawthorn home.,LOST,,9,18,27,36,9,Victorian Ash,2,2800,11261.538461538461,2026-11-18,,,,On Time,0,0
1182,1082,Media Console,Requesting a quote for a minimalist media console for a St Kilda residence.,LOST,,4,8,12,16,4,American Walnut,1,2500,6888.461538461539,2026-11-19,,,,On Time,0,0
1183,1083,Sideboard,We'd like a quote on a custom sideboard for our Hawthorn home.,LOST,,11,22,33,44,11,Tasmanian Oak,3,3600,14030.76923076923,2026-11-19,,,,On Time,0,0
1184,1084,Office Desk,We need a set of bespoke office desks for our startup in Richmond.,LOST,,6,12,18,24,6,Victorian Ash,2,2800,8907.692307692309,2026-11-20,,,,On Time,0,0
1185,1085,Sideboard,We'd like a quote on a custom sideboard for our Hawthorn home.,DELIVERED,,10,20,30,40,10,American Walnut,2,5000,15346.153846153848,2026-11-20,2026-12-06,2026-11-20,2026-12-12,On Time,0,0
1186,1086,Office Desk,We need a set of bespoke office desks for our startup in Richmond.,LOST,,7,14,21,28,7,Tasmanian Oak,2,2400,9092.307692307691,2026-11-20,,,,On Time,0,0
1187,1087,Bookshelf,Can you create a handcrafted bookshelf for our apartment in South Yarra?,LOST,,6,12,18,24,6,Victorian Ash,2,2800,8850,2026-11-21,,,,On Time,0,0
1188,1088,Sideboard,We'd like a quote on a custom sideboard for our Hawthorn home.,LOST,,10,20,30,40,10,Victorian Ash,2,2800,11950,2026-11-21,,,,On Time,0,0
1189,1089,Office Desk,We need a set of bespoke office desks for our startup in Richmond.,LOST,,6,12,18,24,6,American Walnut,2,5000,12150,2026-11-22,,,,On Time,0,0
1190,1090,Sideboard,We'd like a quote on a custom sideboard for our Hawthorn home.,LOST,,10,20,30,40,10,Victorian Ash,2,2800,11950,2026-11-22,,,,On Time,0,0
1191,1091,Media Console,Requesting a quote for a minimalist media console for a St Kilda residence.,LOST,,7,14,21,28,7,Victorian Ash,2,2800,9625,2026-11-22,,,,On Time,0,0
1192,1092,Sideboard,We'd like a quote on a custom sideboard for our Hawthorn home.,DELIVERED,,11,22,33,44,11,Victorian Ash,3,4200,14825,2026-11-23,2026-12-11,2026-11-23,2026-12-17,On Time,0,0
1193,1093,Office Desk,We need a set of bespoke office desks for our startup in Richmond.,LOST,,6,12,18,24,6,Victorian Ash,2,2800,8850,2026-11-23,,,,On Time,0,0
1194,1094,Media Console,Requesting a quote for a minimalist media console for a St Kilda residence.,DELIVERED,,5,10,15,20,5,Tasmanian Oak,1,1200,5675,2026-11-23,2026-12-03,2026-11-23,2026-12-08,On Time,0,0
1195,1095,Office Desk,We need a set of bespoke office desks for our startup in Richmond.,LOST,,8,16,24,32,8,American Walnut,2,5000,13700,2026-11-24,,,,On Time,0,0
1196,1096,Sideboard,We'd like a quote on a custom sideboard for our Hawthorn home.,DELIVERED,,10,20,30,40,10,American Walnut,2,5000,15250,2026-11-24,2026-12-18,2026-11-24,2026-12-16,Late,2,0.1
1197,1097,Sideboard,We'd like a quote on a custom sideboard for our Hawthorn home.,LOST,,11,22,33,44,11,Tasmanian Oak,3,3600,13925,2026-11-25,,,,On Time,0,0
1198,1098,Dining Table,I'm looking for a custom dining table for my new home in Fitzroy.,DELIVERED,,10,20,30,40,10,Victorian Ash,2,2800,11950,2026-11-25,2026-12-12,2026-11-25,2026-12-17,On Time,0,0
1199,1099,Bookshelf,Can you create a handcrafted bookshelf for our apartment in South Yarra?,LOST,,5,10,15,20,5,Victorian Ash,1,1400,5975,2026-11-26,,,,On Time,0,0
1200,1100,Bookshelf,Can you create a handcrafted bookshelf for our apartment in South Yarra?,LOST,,7,14,21,28,7,Victorian Ash,2,2800,9625,2026-11-26,,,,On Time,0,0
1201,1101,Bookshelf,Can you create a handcrafted bookshelf for our apartment in South Yarra?,LOST,,5,10,15,20,5,Victorian Ash,1,1400,5975,2026-11-27,,,,On Time,0,0
1202,1102,Media Console,Requesting a quote for a minimalist media console for a St Kilda residence.,LOST,,7,14,21,28,7,Tasmanian Oak,2,2400,9025,2026-11-27,,,,On Time,0,0
1203,1103,Media Console,Requesting a quote for a minimalist media console for a St Kilda residence.,DELIVERED,,6,12,18,24,6,Tasmanian Oak,2,2400,8250,2026-11-27,2026-12-06,2026-11-27,2026-12-13,On Time,0,0
1204,1104,Sideboard,We'd like a quote on a custom sideboard for our Hawthorn home.,DELIVERED,,11,22,33,44,11,Victorian Ash,3,4200,14825,2026-11-28,2026-12-14,2026-11-28,2026-12-22,On Time,0,0
1205,1105,Dining Table,I'm looking for a custom dining table for my new home in Fitzroy.,LOST,,9,18,27,36,9,Victorian Ash,2,2800,11175,2026-11-28,,,,On Time,0,0
1206,1106,Office Desk,We need a set of bespoke office desks for our startup in Richmond.,DELIVERED,,6,12,18,24,6,American Walnut,2,5000,12150,2026-11-29,2026-12-08,2026-11-29,2026-12-15,On Time,0,0
1207,1107,Media Console,Requesting a quote for a minimalist media console for a St Kilda residence.,LOST,,7,14,21,28,7,American Walnut,2,5000,12925,2026-11-29,,,,On Time,0,0
1208,1108,Dining Table,I'm looking for a custom dining table for my new home in Fitzroy.,LOST,,7,14,21,28,7,Tasmanian Oak,2,2400,9092.307692307691,2026-11-30,,,,On Time,0,0
1209,1109,Media Console,Requesting a quote for a minimalist media console for a St Kilda residence.,DELIVERED,,7,14,21,28,7,Tasmanian Oak,2,2400,9092.307692307691,2026-11-30,2026-12-12,2026-11-30,2026-12-17,On Time,0,0
1210,1110,Sideboard,We'd like a quote on a custom sideboard for our Hawthorn home.,DELIVERED,,10,20,30,40,10,Victorian Ash,2,2800,12046.153846153848,2026-12-01,2026-12-19,2026-12-01,2026-12-23,On Time,0,0
1211,1111,Dining Table,I'm looking for a custom dining table for my new home in Fitzroy.,DELIVERED,,8,16,24,32,8,Victorian Ash,2,2800,10476.923076923078,2026-12-01,2026-12-18,2026-12-01,2026-12-18,On Time,0,0
1212,1112,Media Console,Requesting a quote for a minimalist media console for a St Kilda residence.,DELIVERED,,4,8,12,16,4,Tasmanian Oak,1,1200,4938.461538461539,2026-12-02,2026-12-13,2026-12-02,2026-12-14,On Time,0,0
1213,1113,Media Console,Requesting a quote for a minimalist media console for a St Kilda residence.,LOST,,5,10,15,20,5,Tasmanian Oak,1,1200,5723.076923076924,2026-12-02,,,,On Time,0,0
1214,1114,Dining Table,I'm looking for a custom dining table for my new home in Fitzroy.,LOST,,8,16,24,32,8,Victorian Ash,2,2800,10476.923076923078,2026-12-03,,,,On Time,0,0
1215,1115,Dining Table,I'm looking for a custom dining table for my new home in Fitzroy.,DELIVERED,,7,14,21,28,7,Victorian Ash,2,2800,9692.307692307691,2026-12-03,2026-12-21,2026-12-03,2026-12-20,Late,1,0.1
1216,1116,Dining Table,I'm looking for a custom dining table for my new home in Fitzroy.,LOST,,7,14,21,28,7,Victorian Ash,2,2800,9692.307692307691,2026-12-04,,,,On Time,0,0
1217,1117,Sideboard,We'd like a quote on a custom sideboard for our Hawthorn home.,DELIVERED,,9,18,27,36,9,American Walnut,2,5000,14561.538461538461,2026-12-04,2026-12-23,2026-12-04,2026-12-26,On Time,0,0
1218,1118,Dining Table,I'm looking for a custom dining table for my new home in Fitzroy.,LOST,,8,16,24,32,8,American Walnut,2,5000,13776.923076923078,2026-12-05,,,,On Time,0,0
1219,1119,Office Desk,We need a set of bespoke office desks for our startup in Richmond.,DELIVERED,,9,18,27,36,9,American Walnut,2,5000,14561.538461538461,2026-12-05,2026-12-24,2026-12-05,2026-12-27,On Time,0,0
1220,1120,Sideboard,We'd like a quote on a custom sideboard for our Hawthorn home.,DELIVERED,,9,18,27,36,9,Victorian Ash,2,2800,11261.538461538461,2026-12-06,2026-12-25,2026-12-06,2026-12-28,On Time,0,0
1221,1121,Bookshelf,Can you create a handcrafted bookshelf for our apartment in South Yarra?,LOST,,5,10,15,20,5,Tasmanian Oak,1,1200,5723.076923076924,2026-12-06,,,,On Time,0,0
1222,1122,Bookshelf,Can you create a handcrafted bookshelf for our apartment in South Yarra?,DELIVERED,,8,16,24,32,8,American Walnut,2,5000,13776.923076923078,2026-12-07,2026-12-24,2026-12-07,2026-12-24,On Time,0,0
1223,1123,Office Desk,We need a set of bespoke office desks for our startup in Richmond.,LOST,,6,12,18,24,6,Tasmanian Oak,2,2400,8307.692307692309,2026-12-07,,,,On Time,0,0
1224,1124,Media Console,Requesting a quote for a minimalist media console for a St Kilda residence.,DELIVERED,,4,8,12,16,4,Victorian Ash,1,1400,5238.461538461539,2026-12-08,2026-12-23,2026-12-08,2026-12-20,Late,3,0.1
1225,1125,Dining Table,I'm looking for a custom dining table for my new home in Fitzroy.,DELIVERED,,8,16,24,32,8,Tasmanian Oak,2,2400,9876.923076923078,2026-12-08,2026-12-27,2026-12-08,2026-12-25,Late,2,0.1
1226,1126,Office Desk,We need a set of bespoke office desks for our startup in Richmond.,DELIVERED,,9,18,27,36,9,Victorian Ash,2,2800,11261.538461538461,2026-12-09,2026-12-30,2026-12-09,2026-12-31,On Time,0,0
1227,1127,Dining Table,I'm looking for a custom dining table for my new home in Fitzroy.,DELIVERED,,10,20,30,40,10,Victorian Ash,2,2800,12046.153846153848,2026-12-09,2027-01-01,2026-12-09,2026-12-31,Late,1,0.1
1228,1128,Dining Table,I'm looking for a custom dining table for my new home in Fitzroy.,LOST,,10,20,30,40,10,Tasmanian Oak,2,2400,11446.153846153848,2026-12-10,,,,On Time,0,0
1229,1129,Dining Table,I'm looking for a custom dining table for my new home in Fitzroy.,DELIVERED,,7,14,21,28,7,Victorian Ash,2,2800,9692.307692307691,2026-12-10,2027-01-01,2026-12-10,2026-12-27,Late,5,0.1
1230,1130,Dining Table,I'm looking for a custom dining table for my new home in Fitzroy.,LOST,,8,16,24,32,8,Victorian Ash,2,2800,10476.923076923078,2026-12-11,,,,On Time,0,0
1231,1131,Dining Table,I'm looking for a custom dining table for my new home in Fitzroy.,FINISHING,FINISHING,8,16,24,32,8,Tasmanian Oak,2,2400,9876.923076923078,2026-12-12,,2026-12-12,2026-12-29,On Time,0,0
1232,1132,Office Desk,We need a set of bespoke office desks for our startup in Richmond.,LOST,,7,14,21,28,7,American Walnut,2,5000,12992.307692307691,2026-12-12,,,,On Time,0,0
1233,1133,Media Console,Requesting a quote for a minimalist media console for a St Kilda residence.,DELIVERED,,4,8,12,16,4,American Walnut,1,2500,6888.461538461539,2026-12-13,2026-12-29,2026-12-13,2026-12-25,Late,4,0.1
1234,1134,Office Desk,We need a set of bespoke office desks for our startup in Richmond.,LOST,,6,12,18,24,6,Victorian Ash,2,2800,8907.692307692309,2026-12-13,,,,On Time,0,0
1235,1135,Bookshelf,Can you create a handcrafted bookshelf for our apartment in South Yarra?,LOST,,8,16,24,32,8,American Walnut,2,5000,13776.923076923078,2026-12-14,,,,On Time,0,0
1236,1136,Sideboard,We'd like a quote on a custom sideboard for our Hawthorn home.,LOST,,8,16,24,32,8,Tasmanian Oak,2,2400,9876.923076923078,2026-12-14,,,,On Time,0,0
1237,1137,Bookshelf,Can you create a handcrafted bookshelf for our apartment in South Yarra?,FINISHING,FINISHING,8,16,24,32,8,Victorian Ash,2,2800,10476.923076923078,2026-12-15,,2026-12-15,2027-01-01,On Time,0,0
1238,1138,Dining Table,I'm looking for a custom dining table for my new home in Fitzroy.,LOST,,9,18,27,36,9,Victorian Ash,2,2800,11261.538461538461,2026-12-16,,,,On Time,0,0
1239,1139,Media Console,Requesting a quote for a minimalist media console for a St Kilda residence.,FINISHING,FINISHING,7,14,21,28,7,Tasmanian Oak,2,2400,9092.307692307691,2026-12-17,,2026-12-17,2027-01-03,On Time,0,0
1240,1140,Media Console,Requesting a quote for a minimalist media console for a St Kilda residence.,LOST,,6,12,18,24,6,Victorian Ash,2,2800,8907.692307692309,2026-12-17,,,,On Time,0,0
1241,1141,Sideboard,We'd like a quote on a custom sideboard for our Hawthorn home.,MILLING,MILLING,11,22,33,44,11,American Walnut,3,7500,19880.76923076923,2026-12-18,,2026-12-18,2027-01-11,On Time,0,0
1242,1142,Media Console,Requesting a quote for a minimalist media console for a St Kilda residence.,JOINERY,JOINERY,5,10,15,20,5,Tasmanian Oak,1,1200,5723.076923076924,2026-12-18,,2026-12-18,2027-01-02,On Time,0,0
1243,1143,Office Desk,We need a set of bespoke office desks for our startup in Richmond.,MILLING,MILLING,6,12,18,24,6,American Walnut,2,5000,12207.692307692309,2026-12-19,,2026-12-19,2027-01-04,On Time,0,0
1244,1144,Office Desk,We need a set of bespoke office desks for our startup in Richmond.,LOST,,8,16,24,32,8,American Walnut,2,5000,13776.923076923078,2026-12-19,,,,On Time,0,0
1245,1145,Bookshelf,Can you create a handcrafted bookshelf for our apartment in South Yarra?,MILLING,MILLING,6,12,18,24,6,Victorian Ash,2,2800,8907.692307692309,2026-12-20,,2026-12-20,2027-01-05,On Time,0,0
1246,1146,Office Desk,We need a set of bespoke office desks for our startup in Richmond.,LOST,,8,16,24,32,8,Victorian Ash,2,2800,10476.923076923078,2026-12-20,,,,On Time,0,0
1247,1147,Sideboard,We'd like a quote on a custom sideboard for our Hawthorn home.,LOST,,11,22,33,44,11,American Walnut,3,7500,19880.76923076923,2026-12-21,,,,On Time,0,0
1248,1148,Office Desk,We need a set of bespoke office desks for our startup in Richmond.,LOST,,6,12,18,24,6,Victorian Ash,2,2800,8907.692307692309,2026-12-21,,,,On Time,0,0
1249,1149,Bookshelf,Can you create a handcrafted bookshelf for our apartment in South Yarra?,LOST,,6,12,18,24,6,Victorian Ash,2,2800,8907.692307692309,2026-12-22,,,,On Time,0,0
1250,1150,Bookshelf,Can you create a handcrafted bookshelf for our apartment in South Yarra?,MILLING,MILLING,8,16,24,32,8,Victorian Ash,2,2800,10476.923076923078,2026-12-22,,2026-12-22,2027-01-08,On Time,0,0
1251,1151,Dining Table,I'm looking for a custom dining table for my new home in Fitzroy.,MILLING,,10,20,30,40,10,Victorian Ash,2,2800,12046.153846153848,2026-12-23,,2026-12-23,2027-01-14,On Time,0,0
1252,1152,Bookshelf,Can you create a handcrafted bookshelf for our apartment in South Yarra?,MILLING,,5,10,15,20,5,Tasmanian Oak,1,1200,5723.076923076924,2026-12-23,,2026-12-23,2027-01-07,On Time,0,0
1253,1153,Office Desk,We need a set of bespoke office desks for our startup in Richmond.,LOST,,8,16,24,32,8,American Walnut,2,5000,13776.923076923078,2026-12-24,,,,On Time,0,0
1254,1154,Sideboard,We'd like a quote on a custom sideboard for our Hawthorn home.,MILLING,,8,16,24,32,8,American Walnut,2,5000,13776.923076923078,2026-12-25,,2026-12-25,2027-01-11,On Time,0,0
1255,1155,Office Desk,We need a set of bespoke office desks for our startup in Richmond.,MILLING,,7,14,21,28,7,Tasmanian Oak,2,2400,9092.307692307691,2026-12-25,,2026-12-25,2027-01-11,On Time,0,0
1256,1156,Sideboard,We'd like a quote on a custom sideboard for our Hawthorn home.,MILLING,,10,20,30,40,10,Tasmanian Oak,2,2400,11446.153846153848,2026-12-26,,2026-12-26,2027-01-17,On Time,0,0
1257,1157,Bookshelf,Can you create a handcrafted bookshelf for our apartment in South Yarra?,MILLING,,6,12,18,24,6,Tasmanian Oak,2,2400,8307.692307692309,2026-12-26,,2026-12-26,2027-01-11,On Time,0,0
1258,1158,Dining Table,I'm looking for a custom dining table for my new home in Fitzroy.,MILLING,,7,14,21,28,7,Tasmanian Oak,2,2400,9092.307692307691,2026-12-27,,2026-12-27,2027-01-13,On Time,0,0
1259,1159,Media Console,Requesting a quote for a minimalist media console for a St Kilda residence.,LOST,,4,8,12,16,4,American Walnut,1,2500,6888.461538461539,2026-12-28,,,,On Time,0,0
1260,1160,Office Desk,We need a set of bespoke office desks for our startup in Richmond.,MILLING,,8,16,24,32,8,American Walnut,2,5000,13776.923076923078,2026-12-29,,2026-12-29,2027-01-15,On Time,0,0
1261,1161,Office Desk,We need a set of bespoke office desks for our startup in Richmond.,LOST,,6,12,18,24,6,Tasmanian Oak,2,2400,8307.692307692309,2026-12-29,,,,On Time,0,0
1262,1162,Bookshelf,Can you create a handcrafted bookshelf for our apartment in South Yarra?,DESIGN,,8,16,24,32,8,Victorian Ash,2,2800,10476.923076923078,2026-12-30,,2026-12-30,2027-01-16,On Time,0,0
1263,1163,Bookshelf,Can you create a handcrafted bookshelf for our apartment in South Yarra?,LOST,,6,12,18,24,6,Tasmanian Oak,2,2400,8307.692307692309,2026-12-31,,,,On Time,0,0
1264,1164,Office Desk,We need a set of bespoke office desks for our startup in Richmond.,LOST,,7,14,21,28,7,American Walnut,2,5000,12992.307692307691,2026-12-31,,,,On Time,0,0
1265,1165,Office Desk,We need a set of bespoke office desks for our startup in Richmond.,LOST,,6,12,18,24,6,Tasmanian Oak,2,2400,8250,2027-01-01,,,,On Time,0,0
1266,1166,Dining Table,I'm looking for a custom dining table for my new home in Fitzroy.,LOST,,10,20,30,40,10,American Walnut,2,5000,15250,2027-01-01,,,,On Time,0,0